Time,THERMAL ZONE 1:ROMA-FIUMICINO ANN HTG 99.6% CONDNS DB:Des Heat Load [W],THERMAL ZONE 1:ROMA-FIUMICINO ANN CLG .4% CONDNS DB=>MWB:Des Sens Cool Load [W],THERMAL ZONE 1:ROMA-FIUMICINO ANN HTG 99.6% CONDNS DB:Des Heat Mass Flow [kg/s],THERMAL ZONE 1:ROMA-FIUMICINO ANN CLG .4% CONDNS DB=>MWB:Des Cool Mass Flow [kg/s],THERMAL ZONE 2:ROMA-FIUMICINO ANN HTG 99.6% CONDNS DB:Des Heat Load [W],THERMAL ZONE 2:ROMA-FIUMICINO ANN CLG .4% CONDNS DB=>MWB:Des Sens Cool Load [W],THERMAL ZONE 2:ROMA-FIUMICINO ANN HTG 99.6% CONDNS DB:Des Heat Mass Flow [kg/s],THERMAL ZONE 2:ROMA-FIUMICINO ANN CLG .4% CONDNS DB=>MWB:Des Cool Mass Flow [kg/s],THERMAL ZONE 3:ROMA-FIUMICINO ANN HTG 99.6% CONDNS DB:Des Heat Load [W],THERMAL ZONE 3:ROMA-FIUMICINO ANN CLG .4% CONDNS DB=>MWB:Des Sens Cool Load [W],THERMAL ZONE 3:ROMA-FIUMICINO ANN HTG 99.6% CONDNS DB:Des Heat Mass Flow [kg/s],THERMAL ZONE 3:ROMA-FIUMICINO ANN CLG .4% CONDNS DB=>MWB:Des Cool Mass Flow [kg/s],THERMAL ZONE 4:ROMA-FIUMICINO ANN HTG 99.6% CONDNS DB:Des Heat Load [W],THERMAL ZONE 4:ROMA-FIUMICINO ANN CLG .4% CONDNS DB=>MWB:Des Sens Cool Load [W],THERMAL ZONE 4:ROMA-FIUMICINO ANN HTG 99.6% CONDNS DB:Des Heat Mass Flow [kg/s],THERMAL ZONE 4:ROMA-FIUMICINO ANN CLG .4% CONDNS DB=>MWB:Des Cool Mass Flow [kg/s],THERMAL ZONE 5:ROMA-FIUMICINO ANN HTG 99.6% CONDNS DB:Des Heat Load [W],THERMAL ZONE 5:ROMA-FIUMICINO ANN CLG .4% CONDNS DB=>MWB:Des Sens Cool Load [W],THERMAL ZONE 5:ROMA-FIUMICINO ANN HTG 99.6% CONDNS DB:Des Heat Mass Flow [kg/s],THERMAL ZONE 5:ROMA-FIUMICINO ANN CLG .4% CONDNS DB=>MWB:Des Cool Mass Flow [kg/s]
00:10:00,5.420702E+03,0.000000E+00,2.797193E-01,0.000000E+00,3.212516E+04,3.265834E+04,1.657760E+00,2.520221E+00,8.546805E+04,0.000000E+00,4.406108E+00,0.000000E+00,6.589908E+03,3.477124E+03,3.400840E-01,2.683453E-01,1.549688E+04,3.413317E+03,7.997807E-01,2.633517E-01
00:20:00,5.420702E+03,0.000000E+00,2.797193E-01,0.000000E+00,3.212517E+04,3.255992E+04,1.657761E+00,2.512636E+00,8.546805E+04,0.000000E+00,4.406108E+00,0.000000E+00,6.589923E+03,3.447696E+03,3.400848E-01,2.660707E-01,1.549690E+04,3.448900E+03,7.997817E-01,2.660986E-01
00:30:00,5.420703E+03,0.000000E+00,2.797194E-01,0.000000E+00,3.212519E+04,3.245333E+04,1.657762E+00,2.504414E+00,8.546806E+04,0.000000E+00,4.406109E+00,0.000000E+00,6.589937E+03,3.418806E+03,3.400855E-01,2.638380E-01,1.549691E+04,3.464087E+03,7.997826E-01,2.672706E-01
00:40:00,5.420703E+03,0.000000E+00,2.797194E-01,0.000000E+00,3.212520E+04,3.234043E+04,1.657762E+00,2.495704E+00,8.546806E+04,0.000000E+00,4.406109E+00,0.000000E+00,6.589951E+03,3.390455E+03,3.400862E-01,2.616469E-01,1.549693E+04,3.466034E+03,7.997833E-01,2.674211E-01
00:50:00,5.420704E+03,0.000000E+00,2.797194E-01,0.000000E+00,3.212521E+04,3.222253E+04,1.657763E+00,2.486605E+00,8.546806E+04,0.000000E+00,4.406109E+00,0.000000E+00,6.589964E+03,3.362737E+03,3.400869E-01,2.595045E-01,1.549694E+04,3.458062E+03,7.997840E-01,2.668060E-01
01:00:00,5.420704E+03,0.000000E+00,2.797194E-01,0.000000E+00,3.212523E+04,3.210100E+04,1.657764E+00,2.477227E+00,8.546806E+04,0.000000E+00,4.406109E+00,0.000000E+00,6.589977E+03,3.335766E+03,3.400875E-01,2.574195E-01,1.549696E+04,3.442462E+03,7.997847E-01,2.656023E-01
01:10:00,5.420706E+03,0.000000E+00,2.797195E-01,0.000000E+00,3.212525E+04,3.198248E+04,1.657765E+00,2.468080E+00,8.546807E+04,0.000000E+00,4.406109E+00,0.000000E+00,6.589990E+03,3.309747E+03,3.400882E-01,2.554078E-01,1.549697E+04,3.422093E+03,7.997855E-01,2.640305E-01
01:20:00,5.420708E+03,0.000000E+00,2.797196E-01,0.000000E+00,3.212527E+04,3.186466E+04,1.657766E+00,2.458988E+00,8.546807E+04,0.000000E+00,4.406109E+00,0.000000E+00,6.590003E+03,3.284576E+03,3.400889E-01,2.534612E-01,1.549699E+04,3.398041E+03,7.997863E-01,2.621746E-01
01:30:00,5.420710E+03,0.000000E+00,2.797197E-01,0.000000E+00,3.212529E+04,3.174818E+04,1.657767E+00,2.449998E+00,8.546807E+04,0.000000E+00,4.406110E+00,0.000000E+00,6.590015E+03,3.259791E+03,3.400895E-01,2.515449E-01,1.549700E+04,3.370975E+03,7.997870E-01,2.600860E-01
01:40:00,5.420712E+03,0.000000E+00,2.797198E-01,0.000000E+00,3.212530E+04,3.163373E+04,1.657768E+00,2.441165E+00,8.546808E+04,0.000000E+00,4.406110E+00,0.000000E+00,6.590027E+03,3.235423E+03,3.400901E-01,2.496613E-01,1.549701E+04,3.341744E+03,7.997877E-01,2.578305E-01
01:50:00,5.420714E+03,0.000000E+00,2.797199E-01,0.000000E+00,3.212532E+04,3.152180E+04,1.657769E+00,2.432527E+00,8.546808E+04,0.000000E+00,4.406110E+00,0.000000E+00,6.590038E+03,3.211498E+03,3.400907E-01,2.478125E-01,1.549703E+04,3.310961E+03,7.997883E-01,2.554551E-01
02:00:00,5.420716E+03,0.000000E+00,2.797200E-01,0.000000E+00,3.212534E+04,3.141290E+04,1.657770E+00,2.424122E+00,8.546809E+04,0.000000E+00,4.406110E+00,0.000000E+00,6.590050E+03,3.188059E+03,3.400913E-01,2.460017E-01,1.549704E+04,3.279227E+03,7.997889E-01,2.530064E-01
02:10:00,5.420717E+03,0.000000E+00,2.797201E-01,0.000000E+00,3.212536E+04,3.130509E+04,1.657770E+00,2.415802E+00,8.546809E+04,0.000000E+00,4.406110E+00,0.000000E+00,6.590061E+03,3.164755E+03,3.400919E-01,2.442018E-01,1.549705E+04,3.246102E+03,7.997894E-01,2.504505E-01
02:20:00,5.420719E+03,0.000000E+00,2.797202E-01,0.000000E+00,3.212537E+04,3.119865E+04,1.657771E+00,2.407587E+00,8.546810E+04,0.000000E+00,4.406111E+00,0.000000E+00,6.590071E+03,3.141617E+03,3.400924E-01,2.424149E-01,1.549706E+04,3.211935E+03,7.997900E-01,2.478141E-01
02:30:00,5.420720E+03,0.000000E+00,2.797202E-01,0.000000E+00,3.212539E+04,3.109377E+04,1.657772E+00,2.399493E+00,8.546810E+04,0.000000E+00,4.406111E+00,0.000000E+00,6.590081E+03,3.118674E+03,3.400929E-01,2.406434E-01,1.549707E+04,3.177011E+03,7.997905E-01,2.451193E-01
02:40:00,5.420722E+03,0.000000E+00,2.797203E-01,0.000000E+00,3.212540E+04,3.099068E+04,1.657773E+00,2.391537E+00,8.546810E+04,0.000000E+00,4.406111E+00,0.000000E+00,6.590091E+03,3.095956E+03,3.400934E-01,2.388894E-01,1.549708E+04,3.141613E+03,7.997909E-01,2.423880E-01
02:50:00,5.420723E+03,0.000000E+00,2.797204E-01,0.000000E+00,3.212542E+04,3.088954E+04,1.657774E+00,2.383732E+00,8.546811E+04,0.000000E+00,4.406111E+00,0.000000E+00,6.590101E+03,3.073488E+03,3.400939E-01,2.371549E-01,1.549709E+04,3.105953E+03,7.997914E-01,2.396365E-01
03:00:00,5.420724E+03,0.000000E+00,2.797204E-01,0.000000E+00,3.212543E+04,3.079052E+04,1.657774E+00,2.376089E+00,8.546811E+04,0.000000E+00,4.406111E+00,0.000000E+00,6.590111E+03,3.051299E+03,3.400944E-01,2.354420E-01,1.549710E+04,3.070241E+03,7.997918E-01,2.368809E-01
03:10:00,5.420725E+03,0.000000E+00,2.797205E-01,0.000000E+00,3.212545E+04,3.069144E+04,1.657775E+00,2.368443E+00,8.546811E+04,0.000000E+00,4.406111E+00,0.000000E+00,6.590120E+03,3.029014E+03,3.400949E-01,2.337218E-01,1.549710E+04,3.033744E+03,7.997922E-01,2.340649E-01
03:20:00,5.420726E+03,0.000000E+00,2.797206E-01,0.000000E+00,3.212546E+04,3.059232E+04,1.657776E+00,2.360794E+00,8.546811E+04,0.000000E+00,4.406112E+00,0.000000E+00,6.590129E+03,3.006644E+03,3.400954E-01,2.319952E-01,1.549711E+04,2.996540E+03,7.997926E-01,2.311942E-01
03:30:00,5.420727E+03,0.000000E+00,2.797206E-01,0.000000E+00,3.212547E+04,3.049321E+04,1.657777E+00,2.353145E+00,8.546812E+04,0.000000E+00,4.406112E+00,0.000000E+00,6.590137E+03,2.984203E+03,3.400958E-01,2.302632E-01,1.549712E+04,2.958713E+03,7.997930E-01,2.282756E-01
03:40:00,5.420728E+03,0.000000E+00,2.797207E-01,0.000000E+00,3.212549E+04,3.039415E+04,1.657777E+00,2.345500E+00,8.546812E+04,0.000000E+00,4.406112E+00,0.000000E+00,6.590146E+03,2.961705E+03,3.400963E-01,2.285268E-01,1.549713E+04,2.920355E+03,7.997934E-01,2.253159E-01
03:50:00,5.420729E+03,0.000000E+00,2.797207E-01,0.000000E+00,3.212550E+04,3.029519E+04,1.657778E+00,2.337862E+00,8.546812E+04,0.000000E+00,4.406112E+00,0.000000E+00,6.590154E+03,2.939161E+03,3.400967E-01,2.267869E-01,1.549713E+04,2.881536E+03,7.997937E-01,2.223207E-01
04:00:00,5.420730E+03,0.000000E+00,2.797208E-01,0.000000E+00,3.212551E+04,3.019636E+04,1.657778E+00,2.330235E+00,8.546812E+04,0.000000E+00,4.406112E+00,0.000000E+00,6.590162E+03,2.916580E+03,3.400971E-01,2.250443E-01,1.549714E+04,2.842325E+03,7.997940E-01,2.192953E-01
04:10:00,5.420731E+03,0.000000E+00,2.797208E-01,0.000000E+00,3.212552E+04,3.010038E+04,1.657779E+00,2.322827E+00,8.546813E+04,0.000000E+00,4.406112E+00,0.000000E+00,6.590170E+03,2.894373E+03,3.400975E-01,2.233305E-01,1.549714E+04,2.803899E+03,7.997944E-01,2.163304E-01
04:20:00,5.420732E+03,0.000000E+00,2.797209E-01,0.000000E+00,3.212554E+04,3.000673E+04,1.657780E+00,2.315600E+00,8.546813E+04,0.000000E+00,4.406112E+00,0.000000E+00,6.590178E+03,2.872620E+03,3.400979E-01,2.216518E-01,1.549715E+04,2.765969E+03,7.997947E-01,2.134038E-01
04:30:00,5.420733E+03,0.000000E+00,2.797209E-01,0.000000E+00,3.212555E+04,2.991608E+04,1.657780E+00,2.308604E+00,8.546813E+04,0.000000E+00,4.406112E+00,0.000000E+00,6.590185E+03,2.851219E+03,3.400983E-01,2.200002E-01,1.549716E+04,2.729018E+03,7.997950E-01,2.105527E-01
04:40:00,5.420734E+03,0.000000E+00,2.797209E-01,0.000000E+00,3.212556E+04,2.982790E+04,1.657781E+00,2.301799E+00,8.546813E+04,0.000000E+00,4.406113E+00,0.000000E+00,6.590193E+03,2.830299E+03,3.400987E-01,2.183858E-01,1.549716E+04,2.692707E+03,7.997952E-01,2.077511E-01
04:50:00,5.420735E+03,0.000000E+00,2.797210E-01,0.000000E+00,3.212557E+04,2.974285E+04,1.657781E+00,2.295234E+00,8.546813E+04,0.000000E+00,4.406113E+00,0.000000E+00,6.590200E+03,2.809758E+03,3.400990E-01,2.168007E-01,1.549717E+04,2.657499E+03,7.997955E-01,2.050346E-01
05:00:00,5.420735E+03,0.000000E+00,2.797210E-01,0.000000E+00,3.212558E+04,2.966037E+04,1.657782E+00,2.288869E+00,8.546814E+04,0.000000E+00,4.406113E+00,0.000000E+00,6.590207E+03,2.789726E+03,3.400994E-01,2.152548E-01,1.549717E+04,2.623039E+03,7.997958E-01,2.023757E-01
05:10:00,5.420736E+03,0.000000E+00,2.797211E-01,0.000000E+00,3.212559E+04,2.958702E+04,1.657782E+00,2.283208E+00,8.546814E+04,0.000000E+00,4.406113E+00,0.000000E+00,6.590214E+03,2.771278E+03,3.400997E-01,2.138312E-01,1.549718E+04,2.591858E+03,7.997960E-01,1.999699E-01
05:20:00,5.420737E+03,0.000000E+00,2.797211E-01,0.000000E+00,3.212560E+04,2.952409E+04,1.657783E+00,2.278352E+00,8.546814E+04,0.000000E+00,4.406113E+00,0.000000E+00,6.590220E+03,2.754475E+03,3.401001E-01,2.125346E-01,1.549718E+04,2.564788E+03,7.997963E-01,1.978812E-01
05:30:00,5.420737E+03,0.000000E+00,2.797211E-01,0.000000E+00,3.212561E+04,2.948469E+04,1.657783E+00,2.275312E+00,8.546814E+04,0.000000E+00,4.406113E+00,0.000000E+00,6.590227E+03,2.740967E+03,3.401004E-01,2.114922E-01,1.549719E+04,2.548101E+03,7.997965E-01,1.965937E-01
05:40:00,5.420738E+03,0.000000E+00,2.797212E-01,0.000000E+00,3.212562E+04,2.948795E+04,1.657784E+00,2.275564E+00,8.546814E+04,0.000000E+00,4.406113E+00,0.000000E+00,6.590233E+03,2.733279E+03,3.401008E-01,2.108989E-01,1.549719E+04,2.549667E+03,7.997967E-01,1.967145E-01
05:50:00,5.420739E+03,0.000000E+00,2.797212E-01,0.000000E+00,3.212563E+04,2.955459E+04,1.657784E+00,2.280707E+00,8.546814E+04,0.000000E+00,4.406113E+00,0.000000E+00,6.590239E+03,2.733635E+03,3.401011E-01,2.109264E-01,1.549720E+04,2.575638E+03,7.997970E-01,1.987183E-01
06:00:00,5.420739E+03,0.000000E+00,2.797212E-01,0.000000E+00,3.212564E+04,2.969407E+04,1.657785E+00,2.291451E+00,8.546815E+04,0.000000E+00,4.406113E+00,0.000000E+00,6.590245E+03,2.741581E+03,3.401014E-01,2.115384E-01,1.549720E+04,2.626587E+03,7.997972E-01,2.026489E-01
06:10:00,5.182947E+03,4.311475E+02,2.674506E-01,3.989483E-02,3.114002E+04,3.637201E+04,1.606924E+00,2.907262E+00,8.490890E+04,0.000000E+00,4.377283E+00,0.000000E+00,6.250246E+03,4.898605E+03,3.225551E-01,3.939597E-01,1.493906E+04,7.814164E+03,7.709920E-01,6.193828E-01
06:20:00,4.944758E+03,7.056258E+02,2.551614E-01,6.692037E-02,3.015208E+04,3.819647E+04,1.555951E+00,3.189523E+00,8.434868E+04,0.000000E+00,4.348420E+00,0.000000E+00,5.909470E+03,5.979188E+03,3.049703E-01,5.105806E-01,1.437991E+04,9.010512E+03,7.421370E-01,7.493596E-01
06:30:00,4.706624E+03,1.066088E+03,2.428756E-01,1.022579E-01,2.916485E+04,4.087619E+04,1.505016E+00,3.554521E+00,8.378866E+04,3.358665E+02,4.319572E+00,3.322513E-02,5.568977E+03,7.361217E+03,2.874004E-01,6.556067E-01,1.382105E+04,1.101960E+04,7.132972E-01,9.552193E-01
06:40:00,4.468346E+03,1.450711E+03,2.305830E-01,1.399591E-01,2.817710E+04,4.299157E+04,1.454055E+00,3.864685E+00,8.322854E+04,1.045285E+03,4.290722E+00,1.027438E-01,5.228326E+03,8.611692E+03,2.698225E-01,7.877439E-01,1.326192E+04,1.254039E+04,6.844434E-01,1.113338E+00
06:50:00,4.229972E+03,1.882737E+03,2.182861E-01,1.823203E-01,2.718908E+04,4.508192E+04,1.403082E+00,4.173500E+00,8.266838E+04,1.655668E+03,4.261870E+00,1.625698E-01,4.887591E+03,9.896093E+03,2.522406E-01,9.233804E-01,1.270260E+04,1.410669E+04,6.555810E-01,1.276337E+00
07:00:00,3.991524E+03,2.358050E+03,2.059859E-01,2.289273E-01,2.620084E+04,4.714165E+04,1.352099E+00,4.480563E+00,8.210821E+04,2.534467E+03,4.233018E+00,2.486992E-01,4.546788E+03,1.121020E+04,2.346553E-01,1.062049E+00,1.214313E+04,1.565983E+04,6.267112E-01,1.438451E+00
07:10:00,3.990812E+03,2.445466E+03,2.059537E-01,2.398788E-01,2.619806E+04,4.271175E+04,1.351969E+00,4.187239E+00,8.210727E+04,3.671721E+03,4.232995E+00,3.601715E-01,4.545928E+03,1.045443E+04,2.346135E-01,1.026647E+00,1.214167E+04,1.210105E+04,6.266402E-01,1.190136E+00
07:20:00,3.990450E+03,2.728316E+03,2.059381E-01,2.674993E-01,2.619747E+04,4.319077E+04,1.351946E+00,4.232817E+00,8.210730E+04,5.057169E+03,4.233004E+00,4.959855E-01,4.545792E+03,1.085469E+04,2.346077E-01,1.064824E+00,1.214110E+04,1.256163E+04,6.266131E-01,1.231297E+00
07:30:00,3.989995E+03,2.959636E+03,2.059172E-01,2.901846E-01,2.619607E+04,4.286434E+04,1.351879E+00,4.200749E+00,8.210711E+04,6.342018E+03,4.232998E+00,6.216513E-01,4.545323E+03,1.103192E+04,2.345846E-01,1.082293E+00,1.214013E+04,1.223354E+04,6.265656E-01,1.199036E+00
07:40:00,3.989655E+03,3.200704E+03,2.059018E-01,3.138295E-01,2.619508E+04,4.314957E+04,1.351833E+00,4.228748E+00,8.210702E+04,7.485429E+03,4.232993E+00,7.337927E-01,4.544969E+03,1.141778E+04,2.345674E-01,1.120274E+00,1.213934E+04,1.241671E+04,6.265272E-01,1.217026E+00
07:50:00,3.989386E+03,3.421969E+03,2.058895E-01,3.355191E-01,2.619431E+04,4.348864E+04,1.351796E+00,4.261964E+00,8.210695E+04,8.941115E+03,4.232990E+00,8.765470E-01,4.544659E+03,1.184460E+04,2.345522E-01,1.162209E+00,1.213864E+04,1.256966E+04,6.264931E-01,1.232028E+00
08:00:00,3.989171E+03,3.621682E+03,2.058795E-01,3.550929E-01,2.619367E+04,4.388127E+04,1.351767E+00,4.300429E+00,8.210689E+04,1.032350E+04,4.232987E+00,1.012141E+00,4.544382E+03,1.231717E+04,2.345387E-01,1.208615E+00,1.213802E+04,1.275012E+04,6.264626E-01,1.249723E+00
08:10:00,3.988996E+03,3.796551E+03,2.058713E-01,3.722306E-01,2.619316E+04,4.432217E+04,1.351742E+00,4.343635E+00,8.210683E+04,1.164543E+04,4.232984E+00,1.141817E+00,4.544135E+03,1.280097E+04,2.345266E-01,1.256127E+00,1.213745E+04,1.294544E+04,6.264351E-01,1.268875E+00
08:20:00,3.988854E+03,3.946462E+03,2.058646E-01,3.869213E-01,2.619273E+04,4.480943E+04,1.351722E+00,4.391387E+00,8.210679E+04,1.290146E+04,4.232982E+00,1.265039E+00,4.543913E+03,1.329552E+04,2.345158E-01,1.304698E+00,1.213695E+04,1.315179E+04,6.264104E-01,1.289109E+00
08:30:00,3.988737E+03,4.072012E+03,2.058591E-01,3.992238E-01,2.619238E+04,4.534352E+04,1.351705E+00,4.443728E+00,8.210675E+04,1.409091E+04,4.232980E+00,1.381736E+00,4.543714E+03,1.380050E+04,2.345060E-01,1.354295E+00,1.213650E+04,1.336607E+04,6.263881E-01,1.310119E+00
08:40:00,3.988641E+03,4.169705E+03,2.058545E-01,4.087957E-01,2.619208E+04,4.593750E+04,1.351691E+00,4.501938E+00,8.210671E+04,1.520307E+04,4.232978E+00,1.490858E+00,4.543536E+03,1.431456E+04,2.344973E-01,1.404787E+00,1.213609E+04,1.358324E+04,6.263681E-01,1.331413E+00
08:50:00,3.988563E+03,4.242729E+03,2.058508E-01,4.159494E-01,2.619184E+04,4.659722E+04,1.351679E+00,4.566587E+00,8.210668E+04,1.624515E+04,4.232976E+00,1.593108E+00,4.543375E+03,1.483773E+04,2.344894E-01,1.456172E+00,1.213572E+04,1.380611E+04,6.263501E-01,1.353265E+00
09:00:00,3.988498E+03,4.293842E+03,2.058476E-01,4.209557E-01,2.619163E+04,4.732859E+04,1.351669E+00,4.638257E+00,8.210665E+04,1.722332E+04,4.232974E+00,1.689091E+00,4.543231E+03,1.536962E+04,2.344823E-01,1.508417E+00,1.213539E+04,1.403608E+04,6.263339E-01,1.375813E+00
09:10:00,3.988444E+03,4.323138E+03,2.058450E-01,4.238237E-01,2.619145E+04,4.812458E+04,1.351661E+00,4.716258E+00,8.210662E+04,1.810811E+04,4.232973E+00,1.775917E+00,4.543101E+03,1.589271E+04,2.344759E-01,1.559798E+00,1.213509E+04,1.426722E+04,6.263193E-01,1.398473E+00
09:20:00,3.988399E+03,4.332672E+03,2.058428E-01,4.247550E-01,2.619131E+04,4.898450E+04,1.351653E+00,4.800524E+00,8.210659E+04,1.890506E+04,4.232972E+00,1.854125E+00,4.542984E+03,1.640682E+04,2.344702E-01,1.610298E+00,1.213483E+04,1.449995E+04,6.263062E-01,1.421288E+00
09:30:00,3.988362E+03,4.324564E+03,2.058410E-01,4.239571E-01,2.619118E+04,4.990272E+04,1.351647E+00,4.890502E+00,8.210657E+04,1.961966E+04,4.232970E+00,1.924254E+00,4.542879E+03,1.691171E+04,2.344650E-01,1.659893E+00,1.213459E+04,1.473494E+04,6.262945E-01,1.444324E+00
09:40:00,3.988330E+03,4.301250E+03,2.058394E-01,4.216691E-01,2.619107E+04,5.085143E+04,1.351642E+00,4.983468E+00,8.210655E+04,2.025792E+04,4.232969E+00,1.986892E+00,4.542784E+03,1.740720E+04,2.344602E-01,1.708565E+00,1.213437E+04,1.497063E+04,6.262839E-01,1.467428E+00
09:50:00,3.988304E+03,4.264890E+03,2.058381E-01,4.181023E-01,2.619097E+04,5.182183E+04,1.351637E+00,5.078560E+00,8.210653E+04,2.082612E+04,4.232968E+00,2.042659E+00,4.542698E+03,1.789315E+04,2.344560E-01,1.756300E+00,1.213418E+04,1.520598E+04,6.262743E-01,1.490497E+00
10:00:00,3.988281E+03,4.217890E+03,2.058370E-01,4.134930E-01,2.619089E+04,5.280335E+04,1.351633E+00,5.174742E+00,8.210651E+04,2.133151E+04,4.232967E+00,2.092261E+00,4.542620E+03,1.836943E+04,2.344521E-01,1.803086E+00,1.213400E+04,1.544090E+04,6.262657E-01,1.513525E+00
10:10:00,3.988262E+03,4.162524E+03,2.058361E-01,4.080637E-01,2.619081E+04,5.378670E+04,1.351629E+00,5.271104E+00,8.210649E+04,2.178267E+04,4.232967E+00,2.136545E+00,4.542549E+03,1.883600E+04,2.344486E-01,1.848919E+00,1.213385E+04,1.567443E+04,6.262580E-01,1.536416E+00
10:20:00,3.988246E+03,4.101330E+03,2.058352E-01,4.020635E-01,2.619075E+04,5.476303E+04,1.351626E+00,5.366778E+00,8.210648E+04,2.219118E+04,4.232966E+00,2.176645E+00,4.542484E+03,1.929275E+04,2.344454E-01,1.893788E+00,1.213371E+04,1.590599E+04,6.262510E-01,1.559113E+00
10:30:00,3.988232E+03,4.037417E+03,2.058345E-01,3.957970E-01,2.619069E+04,5.571577E+04,1.351623E+00,5.460140E+00,8.210646E+04,2.258098E+04,4.232965E+00,2.214910E+00,4.542426E+03,1.974013E+04,2.344425E-01,1.937737E+00,1.213358E+04,1.613690E+04,6.262447E-01,1.581747E+00
10:40:00,3.988220E+03,3.972926E+03,2.058339E-01,3.894743E-01,2.619063E+04,5.664581E+04,1.351620E+00,5.551276E+00,8.210645E+04,2.296035E+04,4.232964E+00,2.252161E+00,4.542372E+03,2.017780E+04,2.344398E-01,1.980732E+00,1.213346E+04,1.636636E+04,6.262390E-01,1.604237E+00
10:50:00,3.988209E+03,3.910007E+03,2.058334E-01,3.833060E-01,2.619059E+04,5.756118E+04,1.351617E+00,5.640976E+00,8.210644E+04,2.335576E+04,4.232964E+00,2.290985E+00,4.542323E+03,2.060553E+04,2.344374E-01,2.022751E+00,1.213336E+04,1.659291E+04,6.262339E-01,1.626443E+00
11:00:00,3.988200E+03,3.850821E+03,2.058329E-01,3.775039E-01,2.619054E+04,5.846181E+04,1.351615E+00,5.729230E+00,8.210642E+04,2.378473E+04,4.232963E+00,2.333104E+00,4.542279E+03,2.102337E+04,2.344352E-01,2.063799E+00,1.213327E+04,1.681549E+04,6.262293E-01,1.648258E+00
11:10:00,3.988192E+03,3.796121E+03,2.058325E-01,3.721420E-01,2.619050E+04,5.933980E+04,1.351613E+00,5.815267E+00,8.210641E+04,2.422884E+04,4.232962E+00,2.376712E+00,4.542237E+03,2.141871E+04,2.344331E-01,2.102639E+00,1.213318E+04,1.702865E+04,6.262251E-01,1.669152E+00
11:20:00,3.988185E+03,3.748032E+03,2.058321E-01,3.674287E-01,2.619046E+04,6.019193E+04,1.351611E+00,5.898769E+00,8.210640E+04,2.469119E+04,4.232962E+00,2.422108E+00,4.542199E+03,2.179174E+04,2.344312E-01,2.139284E+00,1.213311E+04,1.723195E+04,6.262213E-01,1.689077E+00
11:30:00,3.988179E+03,3.707905E+03,2.058318E-01,3.634965E-01,2.619043E+04,6.102429E+04,1.351609E+00,5.980333E+00,8.210639E+04,2.515831E+04,4.232961E+00,2.467972E+00,4.542165E+03,2.214206E+04,2.344294E-01,2.173700E+00,1.213304E+04,1.742346E+04,6.262179E-01,1.707848E+00
11:40:00,3.988173E+03,3.675111E+03,2.058315E-01,3.602839E-01,2.619040E+04,6.182635E+04,1.351608E+00,6.058929E+00,8.210638E+04,2.563219E+04,4.232961E+00,2.514492E+00,4.542132E+03,2.247013E+04,2.344278E-01,2.205928E+00,1.213298E+04,1.760382E+04,6.262148E-01,1.725525E+00
11:50:00,3.988168E+03,3.649694E+03,2.058313E-01,3.577944E-01,2.619036E+04,6.258140E+04,1.351606E+00,6.132918E+00,8.210638E+04,2.609324E+04,4.232961E+00,2.559754E+00,4.542102E+03,2.277634E+04,2.344263E-01,2.236009E+00,1.213292E+04,1.777348E+04,6.262119E-01,1.742154E+00
12:00:00,3.988164E+03,3.631516E+03,2.058311E-01,3.560144E-01,2.619034E+04,6.328135E+04,1.351605E+00,6.201506E+00,8.210637E+04,2.653018E+04,4.232960E+00,2.602649E+00,4.542074E+03,2.306080E+04,2.344249E-01,2.263953E+00,1.213287E+04,1.793253E+04,6.262094E-01,1.757742E+00
12:10:00,3.988160E+03,3.621048E+03,2.058309E-01,3.549901E-01,2.619031E+04,6.392677E+04,1.351603E+00,6.264751E+00,8.210636E+04,2.696415E+04,4.232960E+00,2.645251E+00,4.542048E+03,2.333641E+04,2.344236E-01,2.291027E+00,1.213282E+04,1.808593E+04,6.262070E-01,1.772777E+00
12:20:00,3.988156E+03,3.617157E+03,2.058307E-01,3.546102E-01,2.619028E+04,6.451422E+04,1.351602E+00,6.322315E+00,8.210635E+04,2.739164E+04,4.232959E+00,2.687216E+00,4.542024E+03,2.360318E+04,2.344224E-01,2.317234E+00,1.213278E+04,1.823380E+04,6.262049E-01,1.787270E+00
12:30:00,3.988153E+03,3.617523E+03,2.058305E-01,3.546473E-01,2.619026E+04,6.504074E+04,1.351601E+00,6.373908E+00,8.210635E+04,2.781077E+04,4.232959E+00,2.728362E+00,4.542001E+03,2.386114E+04,2.344212E-01,2.342576E+00,1.213274E+04,1.837641E+04,6.262030E-01,1.801248E+00
12:40:00,3.988150E+03,3.622767E+03,2.058303E-01,3.551618E-01,2.619023E+04,6.550296E+04,1.351600E+00,6.419201E+00,8.210634E+04,2.821966E+04,4.232959E+00,2.768503E+00,4.541980E+03,2.411029E+04,2.344201E-01,2.367052E+00,1.213270E+04,1.851402E+04,6.262012E-01,1.814735E+00
12:50:00,3.988147E+03,3.631978E+03,2.058302E-01,3.560653E-01,2.619021E+04,6.589860E+04,1.351598E+00,6.457968E+00,8.210634E+04,2.861710E+04,4.232958E+00,2.807520E+00,4.541960E+03,2.435058E+04,2.344191E-01,2.390658E+00,1.213267E+04,1.864681E+04,6.261996E-01,1.827750E+00
13:00:00,3.988145E+03,3.644148E+03,2.058301E-01,3.572589E-01,2.619019E+04,6.622532E+04,1.351597E+00,6.489981E+00,8.210633E+04,2.900182E+04,4.232958E+00,2.845288E+00,4.541941E+03,2.458198E+04,2.344182E-01,2.413391E+00,1.213264E+04,1.877492E+04,6.261981E-01,1.840306E+00
13:10:00,3.988143E+03,3.657959E+03,2.058300E-01,3.586135E-01,2.619017E+04,6.647969E+04,1.351596E+00,6.514904E+00,8.210633E+04,2.936492E+04,4.232958E+00,2.880934E+00,4.541923E+03,2.480024E+04,2.344173E-01,2.434833E+00,1.213261E+04,1.889666E+04,6.261967E-01,1.852239E+00
13:20:00,3.988141E+03,3.672534E+03,2.058299E-01,3.600428E-01,2.619015E+04,6.665996E+04,1.351595E+00,6.532566E+00,8.210632E+04,2.970543E+04,4.232958E+00,2.914363E+00,4.541906E+03,2.500529E+04,2.344164E-01,2.454977E+00,1.213259E+04,1.901190E+04,6.261955E-01,1.863534E+00
13:30:00,3.988139E+03,3.687377E+03,2.058298E-01,3.614984E-01,2.619013E+04,6.676545E+04,1.351594E+00,6.542899E+00,8.210632E+04,3.002265E+04,4.232957E+00,2.945505E+00,4.541890E+03,2.519706E+04,2.344156E-01,2.473816E+00,1.213257E+04,1.912031E+04,6.261943E-01,1.874160E+00
13:40:00,3.988137E+03,3.701992E+03,2.058297E-01,3.629313E-01,2.619011E+04,6.679541E+04,1.351593E+00,6.545831E+00,8.210631E+04,3.031587E+04,4.232957E+00,2.974290E+00,4.541875E+03,2.537547E+04,2.344148E-01,2.491342E+00,1.213254E+04,1.922153E+04,6.261932E-01,1.884080E+00
13:50:00,3.988135E+03,3.716030E+03,2.058296E-01,3.643078E-01,2.619010E+04,6.674986E+04,1.351592E+00,6.541363E+00,8.210631E+04,3.058452E+04,4.232957E+00,3.000662E+00,4.541861E+03,2.554043E+04,2.344141E-01,2.507547E+00,1.213253E+04,1.931505E+04,6.261923E-01,1.893246E+00
14:00:00,3.988134E+03,3.729119E+03,2.058295E-01,3.655911E-01,2.619008E+04,6.662874E+04,1.351592E+00,6.529491E+00,8.210630E+04,3.082799E+04,4.232957E+00,3.024565E+00,4.541847E+03,2.569180E+04,2.344134E-01,2.522417E+00,1.213251E+04,1.942539E+04,6.261914E-01,1.904060E+00
14:10:00,3.988132E+03,3.738657E+03,2.058294E-01,3.665262E-01,2.619006E+04,6.643851E+04,1.351591E+00,6.510845E+00,8.210630E+04,3.102831E+04,4.232957E+00,3.044230E+00,4.541833E+03,2.582069E+04,2.344127E-01,2.535078E+00,1.213249E+04,1.956650E+04,6.261905E-01,1.917892E+00
14:20:00,3.988131E+03,3.744865E+03,2.058294E-01,3.671347E-01,2.619005E+04,6.617529E+04,1.351590E+00,6.485047E+00,8.210630E+04,3.118533E+04,4.232956E+00,3.059645E+00,4.541821E+03,2.592714E+04,2.344120E-01,2.545534E+00,1.213248E+04,1.974770E+04,6.261897E-01,1.935655E+00
14:30:00,3.988130E+03,3.747849E+03,2.058293E-01,3.674269E-01,2.619003E+04,6.583810E+04,1.351589E+00,6.452001E+00,8.210629E+04,3.129907E+04,4.232956E+00,3.070810E+00,4.541809E+03,2.601123E+04,2.344114E-01,2.553792E+00,1.213246E+04,1.997371E+04,6.261890E-01,1.957811E+00
14:40:00,3.988129E+03,3.747465E+03,2.058292E-01,3.673889E-01,2.619002E+04,6.542893E+04,1.351588E+00,6.411900E+00,8.210629E+04,3.136929E+04,4.232956E+00,3.077702E+00,4.541797E+03,2.607292E+04,2.344108E-01,2.559851E+00,1.213245E+04,2.024766E+04,6.261883E-01,1.984668E+00
14:50:00,3.988127E+03,3.743596E+03,2.058292E-01,3.670091E-01,2.619000E+04,6.495075E+04,1.351588E+00,6.365037E+00,8.210629E+04,3.139583E+04,4.232956E+00,3.080305E+00,4.541786E+03,2.611230E+04,2.344102E-01,2.563716E+00,1.213243E+04,2.057066E+04,6.261877E-01,2.016333E+00
15:00:00,3.988126E+03,3.736089E+03,2.058291E-01,3.662727E-01,2.618999E+04,6.440751E+04,1.351587E+00,6.311799E+00,8.210629E+04,3.137849E+04,4.232956E+00,3.078602E+00,4.541775E+03,2.612942E+04,2.344097E-01,2.565394E+00,1.213242E+04,2.091731E+04,6.261871E-01,2.050318E+00
15:10:00,3.988126E+03,3.725868E+03,2.058291E-01,3.652701E-01,2.618998E+04,6.379368E+04,1.351586E+00,6.251644E+00,8.210628E+04,3.131050E+04,4.232956E+00,3.071926E+00,4.541764E+03,2.612071E+04,2.344091E-01,2.564536E+00,1.213241E+04,2.126488E+04,6.261866E-01,2.084393E+00
15:20:00,3.988125E+03,3.712274E+03,2.058290E-01,3.639367E-01,2.618996E+04,6.311992E+04,1.351586E+00,6.185616E+00,8.210628E+04,3.119133E+04,4.232956E+00,3.060225E+00,4.541754E+03,2.608606E+04,2.344086E-01,2.561128E+00,1.213240E+04,2.161295E+04,6.261860E-01,2.118516E+00
15:30:00,3.988124E+03,3.694866E+03,2.058290E-01,3.622296E-01,2.618995E+04,6.239527E+04,1.351585E+00,6.114600E+00,8.210628E+04,3.102036E+04,4.232955E+00,3.043438E+00,4.541745E+03,2.602531E+04,2.344081E-01,2.555156E+00,1.213239E+04,2.196592E+04,6.261855E-01,2.153116E+00
15:40:00,3.988123E+03,3.673397E+03,2.058290E-01,3.601242E-01,2.618994E+04,6.162778E+04,1.351584E+00,6.039388E+00,8.210628E+04,3.079719E+04,4.232955E+00,3.021528E+00,4.541735E+03,2.593835E+04,2.344076E-01,2.546608E+00,1.213238E+04,2.231913E+04,6.261851E-01,2.187737E+00
15:50:00,3.988122E+03,3.647717E+03,2.058289E-01,3.576059E-01,2.618993E+04,6.082575E+04,1.351584E+00,5.960791E+00,8.210627E+04,3.052156E+04,4.232955E+00,2.994467E+00,4.541726E+03,2.582506E+04,2.344072E-01,2.535474E+00,1.213238E+04,2.266907E+04,6.261847E-01,2.222036E+00
16:00:00,3.988121E+03,3.617665E+03,2.058289E-01,3.546591E-01,2.618991E+04,5.999870E+04,1.351583E+00,5.879743E+00,8.210627E+04,3.019318E+04,4.232955E+00,2.962228E+00,4.541717E+03,2.568530E+04,2.344067E-01,2.521739E+00,1.213237E+04,2.301192E+04,6.261842E-01,2.255638E+00
16:10:00,3.988121E+03,3.584859E+03,2.058288E-01,3.514420E-01,2.618990E+04,5.916282E+04,1.351582E+00,5.797830E+00,8.210627E+04,2.984412E+04,4.232955E+00,2.927957E+00,4.541709E+03,2.553558E+04,2.344063E-01,2.507024E+00,1.213236E+04,2.335221E+04,6.261839E-01,2.288987E+00
16:20:00,3.988120E+03,3.549214E+03,2.058288E-01,3.479468E-01,2.618989E+04,5.832911E+04,1.351582E+00,5.716130E+00,8.210627E+04,2.947415E+04,4.232955E+00,2.891636E+00,4.541700E+03,2.537570E+04,2.344059E-01,2.491313E+00,1.213235E+04,2.367373E+04,6.261835E-01,2.320495E+00
16:30:00,3.988119E+03,3.510701E+03,2.058288E-01,3.441703E-01,2.618988E+04,5.750861E+04,1.351581E+00,5.635727E+00,8.210627E+04,2.908327E+04,4.232955E+00,2.853263E+00,4.541692E+03,2.520556E+04,2.344054E-01,2.474595E+00,1.213235E+04,2.395881E+04,6.261832E-01,2.348432E+00
16:40:00,3.988119E+03,3.469283E+03,2.058287E-01,3.401092E-01,2.618987E+04,5.671418E+04,1.351581E+00,5.557879E+00,8.210626E+04,2.867140E+04,4.232955E+00,2.812830E+00,4.541685E+03,2.502501E+04,2.344050E-01,2.456854E+00,1.213234E+04,2.419911E+04,6.261828E-01,2.371980E+00
16:50:00,3.988118E+03,3.424950E+03,2.058287E-01,3.357622E-01,2.618986E+04,5.596658E+04,1.351580E+00,5.484620E+00,8.210626E+04,2.823851E+04,4.232955E+00,2.770335E+00,4.541677E+03,2.483390E+04,2.344046E-01,2.438077E+00,1.213233E+04,2.438662E+04,6.261825E-01,2.390354E+00
17:00:00,3.988118E+03,3.376269E+03,2.058287E-01,3.309889E-01,2.618985E+04,5.525449E+04,1.351580E+00,5.414846E+00,8.210626E+04,2.778084E+04,4.232955E+00,2.725408E+00,4.541670E+03,2.463069E+04,2.344043E-01,2.418110E+00,1.213233E+04,2.450115E+04,6.261822E-01,2.401574E+00
17:10:00,3.988117E+03,3.323902E+03,2.058287E-01,3.258542E-01,2.618984E+04,5.458123E+04,1.351579E+00,5.348876E+00,8.210626E+04,2.730008E+04,4.232955E+00,2.678214E+00,4.541663E+03,2.441589E+04,2.344039E-01,2.397006E+00,1.213232E+04,2.454299E+04,6.261819E-01,2.405668E+00
17:20:00,3.988117E+03,3.268168E+03,2.058286E-01,3.203895E-01,2.618983E+04,5.395108E+04,1.351579E+00,5.287131E+00,8.210626E+04,2.679722E+04,4.232954E+00,2.628852E+00,4.541656E+03,2.418961E+04,2.344035E-01,2.374773E+00,1.213232E+04,2.450969E+04,6.261817E-01,2.402396E+00
17:30:00,3.988116E+03,3.209122E+03,2.058286E-01,3.146000E-01,2.618983E+04,5.336405E+04,1.351578E+00,5.229610E+00,8.210626E+04,2.627247E+04,4.232954E+00,2.577342E+00,4.541649E+03,2.395198E+04,2.344032E-01,2.351426E+00,1.213231E+04,2.439717E+04,6.261814E-01,2.391360E+00
17:40:00,3.988116E+03,3.146905E+03,2.058286E-01,3.084996E-01,2.618982E+04,5.281406E+04,1.351578E+00,5.175718E+00,8.210626E+04,2.572620E+04,4.232954E+00,2.523720E+00,4.541642E+03,2.370336E+04,2.344029E-01,2.326999E+00,1.213231E+04,2.420172E+04,6.261812E-01,2.372194E+00
17:50:00,3.988115E+03,3.081656E+03,2.058286E-01,3.021020E-01,2.618981E+04,5.228208E+04,1.351578E+00,5.123590E+00,8.210625E+04,2.515873E+04,4.232954E+00,2.468019E+00,4.541636E+03,2.344409E+04,2.344025E-01,2.301526E+00,1.213230E+04,2.392029E+04,6.261809E-01,2.344601E+00
18:00:00,3.988115E+03,3.014944E+03,2.058285E-01,2.955610E-01,2.618980E+04,5.177978E+04,1.351577E+00,5.074367E+00,8.210625E+04,2.457419E+04,4.232954E+00,2.410643E+00,4.541630E+03,2.317681E+04,2.344022E-01,2.275267E+00,1.213230E+04,2.356475E+04,6.261807E-01,2.309745E+00
18:10:00,4.225908E+03,2.945023E+03,2.181011E-01,2.887054E-01,2.717542E+04,5.129633E+04,1.402442E+00,5.026991E+00,8.266550E+04,2.394658E+04,4.261786E+00,2.349041E+00,4.881628E+03,2.288947E+04,2.519502E-01,2.247038E+00,1.269044E+04,2.312596E+04,6.549878E-01,2.266728E+00
18:20:00,4.463861E+03,2.871339E+03,2.303811E-01,2.814809E-01,2.816284E+04,5.081994E+04,1.453393E+00,4.980307E+00,8.322571E+04,2.327409E+04,4.290649E+00,2.283036E+00,5.221963E+03,2.258095E+04,2.695145E-01,2.216728E+00,1.324895E+04,2.258656E+04,6.838133E-01,2.213852E+00
18:30:00,4.701948E+03,2.794357E+03,2.426667E-01,2.739331E-01,2.914995E+04,5.034463E+04,1.504325E+00,4.933728E+00,8.378574E+04,2.255776E+04,4.319497E+00,2.212728E+00,5.562313E+03,2.225106E+04,2.870791E-01,2.184318E+00,1.380759E+04,2.199497E+04,7.126443E-01,2.155859E+00
18:40:00,4.940231E+03,2.714163E+03,2.549607E-01,2.660704E-01,3.013765E+04,4.986578E+04,1.555285E+00,4.886803E+00,8.434585E+04,2.179765E+04,4.348347E+00,2.138124E+00,5.902862E+03,2.189588E+04,3.046533E-01,2.149424E+00,1.436655E+04,2.130613E+04,7.414913E-01,2.088338E+00
18:50:00,5.178645E+03,2.631279E+03,2.672601E-01,2.579440E-01,3.112570E+04,4.938352E+04,1.606261E+00,4.839543E+00,8.490601E+04,2.099484E+04,4.377199E+00,2.059332E+00,6.243555E+03,2.151343E+04,3.222342E-01,2.111852E+00,1.492579E+04,2.053346E+04,7.703511E-01,2.012598E+00
19:00:00,5.417148E+03,2.545009E+03,2.795632E-01,2.494856E-01,3.211401E+04,4.889131E+04,1.657248E+00,4.791308E+00,8.546618E+04,2.014817E+04,4.406051E+00,1.976237E+00,6.584363E+03,2.109966E+04,3.398204E-01,2.071202E+00,1.548525E+04,1.970015E+04,7.992214E-01,1.930915E+00
19:10:00,5.417915E+03,2.461756E+03,2.795960E-01,2.413230E-01,3.211687E+04,4.841567E+04,1.657378E+00,4.744698E+00,8.546712E+04,1.933592E+04,4.406073E+00,1.896516E+00,6.585259E+03,2.069495E+04,3.398627E-01,2.031440E+00,1.548675E+04,1.888156E+04,7.992933E-01,1.850672E+00
19:20:00,5.418564E+03,2.383538E+03,2.796234E-01,2.336543E-01,3.211807E+04,4.796646E+04,1.657429E+00,4.700677E+00,8.546710E+04,1.856199E+04,4.406063E+00,1.820562E+00,6.585894E+03,2.030163E+04,3.398921E-01,1.992800E+00,1.548803E+04,1.813005E+04,7.993544E-01,1.777007E+00
19:30:00,5.419111E+03,2.310731E+03,2.796465E-01,2.265163E-01,3.211969E+04,4.754480E+04,1.657503E+00,4.659358E+00,8.546728E+04,1.782709E+04,4.406070E+00,1.748442E+00,6.586576E+03,1.992021E+04,3.399243E-01,1.955332E+00,1.548933E+04,1.741965E+04,7.994165E-01,1.707373E+00
19:40:00,5.419487E+03,2.244197E+03,2.796624E-01,2.199935E-01,3.212081E+04,4.715459E+04,1.657554E+00,4.621120E+00,8.546738E+04,1.713285E+04,4.406074E+00,1.680314E+00,6.587112E+03,1.955510E+04,3.399494E-01,1.919467E+00,1.549041E+04,1.681764E+04,7.994681E-01,1.648362E+00
19:50:00,5.419750E+03,2.184067E+03,2.796737E-01,2.140987E-01,3.212163E+04,4.679633E+04,1.657591E+00,4.586013E+00,8.546745E+04,1.647943E+04,4.406077E+00,1.616194E+00,6.587547E+03,1.920856E+04,3.399698E-01,1.885427E+00,1.549133E+04,1.633021E+04,7.995119E-01,1.600587E+00
20:00:00,5.419940E+03,2.131758E+03,2.796823E-01,2.089708E-01,3.212226E+04,4.647737E+04,1.657620E+00,4.554759E+00,8.546751E+04,1.586925E+04,4.406081E+00,1.556319E+00,6.587904E+03,1.888408E+04,3.399867E-01,1.853556E+00,1.549211E+04,1.595235E+04,7.995493E-01,1.563554E+00
20:10:00,5.420084E+03,2.084211E+03,2.796889E-01,2.043100E-01,3.212275E+04,4.618297E+04,1.657643E+00,4.525912E+00,8.546756E+04,1.528237E+04,4.406083E+00,1.498733E+00,6.588201E+03,1.857017E+04,3.400008E-01,1.822723E+00,1.549278E+04,1.563396E+04,7.995814E-01,1.532352E+00
20:20:00,5.420196E+03,2.040485E+03,2.796942E-01,2.000238E-01,3.212314E+04,4.590731E+04,1.657661E+00,4.498901E+00,8.546761E+04,1.471709E+04,4.406086E+00,1.443268E+00,6.588448E+03,1.826603E+04,3.400126E-01,1.792850E+00,1.549336E+04,1.535384E+04,7.996090E-01,1.504902E+00
20:30:00,5.420284E+03,2.000281E+03,2.796984E-01,1.960830E-01,3.212345E+04,4.564872E+04,1.657676E+00,4.473563E+00,8.546765E+04,1.417290E+04,4.406088E+00,1.389873E+00,6.588656E+03,1.797174E+04,3.400225E-01,1.763944E+00,1.549385E+04,1.510616E+04,7.996328E-01,1.480631E+00
20:40:00,5.420354E+03,1.962814E+03,2.797017E-01,1.924104E-01,3.212370E+04,4.540503E+04,1.657688E+00,4.449684E+00,8.546769E+04,1.364922E+04,4.406090E+00,1.338491E+00,6.588830E+03,1.768699E+04,3.400308E-01,1.735975E+00,1.549427E+04,1.488442E+04,7.996533E-01,1.458903E+00
20:50:00,5.420410E+03,1.927734E+03,2.797045E-01,1.889717E-01,3.212390E+04,4.517489E+04,1.657697E+00,4.427134E+00,8.546773E+04,1.314571E+04,4.406092E+00,1.289090E+00,6.588977E+03,1.741166E+04,3.400379E-01,1.708932E+00,1.549464E+04,1.468486E+04,7.996709E-01,1.439348E+00
21:00:00,5.420455E+03,1.894608E+03,2.797067E-01,1.857245E-01,3.212407E+04,4.495710E+04,1.657706E+00,4.405794E+00,8.546776E+04,1.266212E+04,4.406093E+00,1.241643E+00,6.589101E+03,1.714557E+04,3.400439E-01,1.682796E+00,1.549495E+04,1.450226E+04,7.996861E-01,1.421454E+00
21:10:00,5.420493E+03,1.861826E+03,2.797086E-01,1.825109E-01,3.212421E+04,4.474799E+04,1.657712E+00,4.385304E+00,8.546779E+04,1.218219E+04,4.406095E+00,1.194559E+00,6.589207E+03,1.688007E+04,3.400491E-01,1.656720E+00,1.549522E+04,1.433070E+04,7.996993E-01,1.404642E+00
21:20:00,5.420524E+03,1.829015E+03,2.797102E-01,1.792940E-01,3.212433E+04,4.454642E+04,1.657718E+00,4.365553E+00,8.546781E+04,1.170490E+04,4.406096E+00,1.147736E+00,6.589298E+03,1.661506E+04,3.400535E-01,1.630691E+00,1.549545E+04,1.416731E+04,7.997106E-01,1.388629E+00
21:30:00,5.420550E+03,1.795835E+03,2.797115E-01,1.760407E-01,3.212443E+04,4.435113E+04,1.657723E+00,4.346418E+00,8.546784E+04,1.122993E+04,4.406097E+00,1.101140E+00,6.589375E+03,1.635042E+04,3.400573E-01,1.604698E+00,1.549566E+04,1.400950E+04,7.997204E-01,1.373162E+00
21:40:00,5.420572E+03,1.762373E+03,2.797126E-01,1.727595E-01,3.212452E+04,4.416110E+04,1.657727E+00,4.327798E+00,8.546786E+04,1.075642E+04,4.406099E+00,1.054689E+00,6.589443E+03,1.608603E+04,3.400606E-01,1.578731E+00,1.549583E+04,1.385448E+04,7.997289E-01,1.357967E+00
21:50:00,5.420591E+03,1.728480E+03,2.797136E-01,1.694360E-01,3.212459E+04,4.397575E+04,1.657731E+00,4.309636E+00,8.546788E+04,1.028352E+04,4.406100E+00,1.008297E+00,6.589501E+03,1.582184E+04,3.400635E-01,1.552782E+00,1.549598E+04,1.370111E+04,7.997363E-01,1.342934E+00
22:00:00,5.420607E+03,1.694108E+03,2.797144E-01,1.660655E-01,3.212466E+04,4.379418E+04,1.657735E+00,4.291845E+00,8.546790E+04,9.810443E+03,4.406101E+00,9.618904E-01,6.589553E+03,1.555778E+04,3.400661E-01,1.526847E+00,1.549611E+04,1.355013E+04,7.997427E-01,1.328133E+00
22:10:00,5.420621E+03,1.397464E+03,2.797151E-01,1.369862E-01,3.212472E+04,3.932082E+04,1.657738E+00,3.793184E+00,8.546792E+04,7.978298E+03,4.406102E+00,7.822432E-01,6.589598E+03,1.285479E+04,3.400683E-01,1.261567E+00,1.549623E+04,1.122915E+04,7.997483E-01,1.100638E+00
22:20:00,5.420633E+03,1.106492E+03,2.797158E-01,1.084633E-01,3.212477E+04,3.634949E+04,1.657741E+00,3.413439E+00,8.546794E+04,6.224971E+03,4.406102E+00,6.103275E-01,6.589639E+03,1.042813E+04,3.400704E-01,1.018532E+00,1.549633E+04,8.933484E+03,7.997532E-01,8.756252E-01
22:30:00,5.420644E+03,8.212549E+02,2.797163E-01,8.050282E-02,3.212482E+04,3.427095E+04,1.657743E+00,3.101326E+00,8.546795E+04,4.550188E+03,4.406103E+00,4.461171E-01,6.589675E+03,8.254604E+03,3.400722E-01,7.962893E-01,1.549641E+04,6.662257E+03,7.997575E-01,6.530078E-01
22:40:00,5.420653E+03,5.417555E+02,2.797168E-01,5.310496E-02,3.212487E+04,3.234815E+04,1.657745E+00,2.801172E+00,8.546797E+04,2.954210E+03,4.406104E+00,2.896376E-01,6.589708E+03,6.233706E+03,3.400738E-01,5.865121E-01,1.549649E+04,4.416645E+03,7.997613E-01,4.329009E-01
22:50:00,5.420662E+03,2.680075E+02,2.797172E-01,2.627105E-02,3.212491E+04,3.056380E+04,1.657748E+00,2.512307E+00,8.546798E+04,1.437410E+03,4.406105E+00,1.409250E-01,6.589738E+03,4.278189E+03,3.400753E-01,3.826165E-01,1.549656E+04,2.607081E+03,7.997646E-01,2.470450E-01
23:00:00,5.420669E+03,0.000000E+00,2.797176E-01,0.000000E+00,3.212495E+04,2.883072E+04,1.657749E+00,2.228004E+00,8.546799E+04,0.000000E+00,4.406105E+00,0.000000E+00,6.589765E+03,2.386727E+03,3.400767E-01,1.845890E-01,1.549661E+04,1.331178E+03,7.997676E-01,1.027936E-01
23:10:00,5.420676E+03,0.000000E+00,2.797180E-01,0.000000E+00,3.212499E+04,3.141488E+04,1.657751E+00,2.427234E+00,8.546800E+04,0.000000E+00,4.406106E+00,0.000000E+00,6.589790E+03,2.981886E+03,3.400780E-01,2.305224E-01,1.549667E+04,1.713244E+03,7.997702E-01,1.322732E-01
23:20:00,5.420682E+03,0.000000E+00,2.797183E-01,0.000000E+00,3.212502E+04,3.252142E+04,1.657753E+00,2.510087E+00,8.546801E+04,0.000000E+00,4.406106E+00,0.000000E+00,6.589813E+03,3.341456E+03,3.400792E-01,2.582803E-01,1.549671E+04,2.256684E+03,7.997725E-01,1.742009E-01
23:30:00,5.420687E+03,0.000000E+00,2.797185E-01,0.000000E+00,3.212505E+04,3.275458E+04,1.657755E+00,2.527446E+00,8.546802E+04,0.000000E+00,4.406107E+00,0.000000E+00,6.589835E+03,3.487084E+03,3.400803E-01,2.691953E-01,1.549676E+04,2.818396E+03,7.997746E-01,2.175393E-01
23:40:00,5.420692E+03,0.000000E+00,2.797188E-01,0.000000E+00,3.212508E+04,3.284806E+04,1.657756E+00,2.534716E+00,8.546803E+04,0.000000E+00,4.406107E+00,0.000000E+00,6.589855E+03,3.519192E+03,3.400813E-01,2.715881E-01,1.549679E+04,3.389942E+03,7.997764E-01,2.616366E-01
23:50:00,5.420696E+03,0.000000E+00,2.797190E-01,0.000000E+00,3.212511E+04,3.281654E+04,1.657758E+00,2.532349E+00,8.546804E+04,0.000000E+00,4.406108E+00,0.000000E+00,6.589874E+03,3.524840E+03,3.400823E-01,2.720275E-01,1.549683E+04,3.556001E+03,7.997781E-01,2.743635E-01
24:00:00,5.420700E+03,0.000000E+00,2.797192E-01,0.000000E+00,3.212514E+04,3.274467E+04,1.657759E+00,2.526864E+00,8.546805E+04,0.000000E+00,4.406108E+00,0.000000E+00,6.589892E+03,3.505170E+03,3.400832E-01,2.705135E-01,1.549686E+04,3.215342E+03,7.997796E-01,2.480784E-01
Peak,5.420739E+03,4.332672E+03,2.797212E-01,4.247550E-01,3.212564E+04,6.679541E+04,1.657785E+00,6.545831E+00,8.546815E+04,3.139583E+04,4.406113E+00,3.080305E+00,6.590245E+03,2.612942E+04,3.401014E-01,2.565394E+00,1.549720E+04,2.454299E+04,7.997972E-01,2.405668E+00

Peak Vol Flow (m3/s),,,2.323497E-01,3.528216E-01,,,1.377034E+00,5.437277E+00,,,3.659926E+00,2.558647E+00,,,2.825043E-01,2.130938E+00,,,6.643494E-01,1.998261E+00
