Time,THERMAL ZONE 1:NAPLES ANN HTG 99.6% CONDNS DB:Des Heat Load [W],THERMAL ZONE 1:SAN_JUAN ANN CLG .4% CONDNS DB=>MWB:Des Sens Cool Load [W],THERMAL ZONE 1:NAPLES ANN HTG 99.6% CONDNS DB:Des Heat Mass Flow [kg/s],THERMAL ZONE 1:SAN_JUAN ANN CLG .4% CONDNS DB=>MWB:Des Cool Mass Flow [kg/s],THERMAL ZONE 2:NAPLES ANN HTG 99.6% CONDNS DB:Des Heat Load [W],THERMAL ZONE 2:SAN_JUAN ANN CLG .4% CONDNS DB=>MWB:Des Sens Cool Load [W],THERMAL ZONE 2:NAPLES ANN HTG 99.6% CONDNS DB:Des Heat Mass Flow [kg/s],THERMAL ZONE 2:SAN_JUAN ANN CLG .4% CONDNS DB=>MWB:Des Cool Mass Flow [kg/s],THERMAL ZONE 3:NAPLES ANN HTG 99.6% CONDNS DB:Des Heat Load [W],THERMAL ZONE 3:SAN_JUAN ANN CLG .4% CONDNS DB=>MWB:Des Sens Cool Load [W],THERMAL ZONE 3:NAPLES ANN HTG 99.6% CONDNS DB:Des Heat Mass Flow [kg/s],THERMAL ZONE 3:SAN_JUAN ANN CLG .4% CONDNS DB=>MWB:Des Cool Mass Flow [kg/s],THERMAL ZONE 4:NAPLES ANN HTG 99.6% CONDNS DB:Des Heat Load [W],THERMAL ZONE 4:SAN_JUAN ANN CLG .4% CONDNS DB=>MWB:Des Sens Cool Load [W],THERMAL ZONE 4:NAPLES ANN HTG 99.6% CONDNS DB:Des Heat Mass Flow [kg/s],THERMAL ZONE 4:SAN_JUAN ANN CLG .4% CONDNS DB=>MWB:Des Cool Mass Flow [kg/s],THERMAL ZONE 5:NAPLES ANN HTG 99.6% CONDNS DB:Des Heat Load [W],THERMAL ZONE 5:SAN_JUAN ANN CLG .4% CONDNS DB=>MWB:Des Sens Cool Load [W],THERMAL ZONE 5:NAPLES ANN HTG 99.6% CONDNS DB:Des Heat Mass Flow [kg/s],THERMAL ZONE 5:SAN_JUAN ANN CLG .4% CONDNS DB=>MWB:Des Cool Mass Flow [kg/s],THERMAL ZONE 6:NAPLES ANN HTG 99.6% CONDNS DB:Des Heat Load [W],THERMAL ZONE 6:SAN_JUAN ANN CLG .4% CONDNS DB=>MWB:Des Sens Cool Load [W],THERMAL ZONE 6:NAPLES ANN HTG 99.6% CONDNS DB:Des Heat Mass Flow [kg/s],THERMAL ZONE 6:SAN_JUAN ANN CLG .4% CONDNS DB=>MWB:Des Cool Mass Flow [kg/s]
00:15:00,3.026931E+04,6.896438E+03,1.562224E+00,5.321168E-01,2.924809E+04,2.907733E+04,1.509518E+00,2.243969E+00,5.161459E+04,3.488741E+04,2.663451E+00,2.693146E+00,5.190170E+03,0.000000E+00,2.678456E-01,0.000000E+00,4.470040E+03,3.805084E+02,2.306829E-01,2.941517E-02,8.247408E+03,1.861633E+03,4.255664E-01,1.436632E-01
00:30:00,3.026932E+04,6.890487E+03,1.562225E+00,5.316599E-01,2.924816E+04,2.909953E+04,1.509522E+00,2.245631E+00,5.161474E+04,3.478152E+04,2.663459E+00,2.684990E+00,5.190173E+03,0.000000E+00,2.678458E-01,0.000000E+00,4.470048E+03,4.586498E+02,2.306833E-01,3.538641E-02,8.247436E+03,1.892862E+03,4.255679E-01,1.460773E-01
00:45:00,3.026933E+04,6.953059E+03,1.562225E+00,5.364875E-01,2.924823E+04,2.910655E+04,1.509525E+00,2.246110E+00,5.161488E+04,3.465134E+04,2.663466E+00,2.674932E+00,5.190175E+03,0.000000E+00,2.678459E-01,0.000000E+00,4.470055E+03,4.876984E+02,2.306837E-01,3.762766E-02,8.247463E+03,1.906489E+03,4.255693E-01,1.471330E-01
01:00:00,3.026934E+04,6.933891E+03,1.562226E+00,5.350085E-01,2.924829E+04,2.910478E+04,1.509529E+00,2.245917E+00,5.161502E+04,3.451017E+04,2.663473E+00,2.664019E+00,5.190176E+03,0.000000E+00,2.678459E-01,0.000000E+00,4.470062E+03,5.495031E+02,2.306840E-01,4.239654E-02,8.247488E+03,1.914844E+03,4.255705E-01,1.477808E-01
01:15:00,3.026938E+04,6.974023E+03,1.562227E+00,5.381036E-01,2.924840E+04,2.917125E+04,1.509534E+00,2.250998E+00,5.161518E+04,3.443826E+04,2.663481E+00,2.658450E+00,5.190180E+03,0.000000E+00,2.678461E-01,0.000000E+00,4.470072E+03,5.877163E+02,2.306846E-01,4.534551E-02,8.247514E+03,1.921425E+03,4.255719E-01,1.482908E-01
01:30:00,3.026941E+04,7.002588E+03,1.562229E+00,5.403065E-01,2.924849E+04,2.923307E+04,1.509539E+00,2.255728E+00,5.161534E+04,3.436567E+04,2.663489E+00,2.652827E+00,5.190183E+03,0.000000E+00,2.678463E-01,0.000000E+00,4.470082E+03,6.204117E+02,2.306851E-01,4.786866E-02,8.247539E+03,1.925646E+03,4.255732E-01,1.486182E-01
01:45:00,3.026944E+04,7.022908E+03,1.562231E+00,5.418731E-01,2.924858E+04,2.929038E+04,1.509543E+00,2.260117E+00,5.161549E+04,3.429429E+04,2.663497E+00,2.647301E+00,5.190186E+03,0.000000E+00,2.678464E-01,0.000000E+00,4.470092E+03,6.490355E+02,2.306856E-01,5.007766E-02,8.247563E+03,1.928332E+03,4.255744E-01,1.488268E-01
02:00:00,3.026947E+04,7.037097E+03,1.562232E+00,5.429666E-01,2.924867E+04,2.934349E+04,1.509548E+00,2.264190E+00,5.161564E+04,3.422588E+04,2.663505E+00,2.642010E+00,5.190188E+03,0.000000E+00,2.678466E-01,0.000000E+00,4.470101E+03,6.747064E+02,2.306860E-01,5.205880E-02,8.247586E+03,1.930048E+03,4.255756E-01,1.489601E-01
02:15:00,3.026949E+04,7.045123E+03,1.562233E+00,5.435848E-01,2.924876E+04,2.939224E+04,1.509552E+00,2.267934E+00,5.161578E+04,3.415788E+04,2.663512E+00,2.636756E+00,5.190191E+03,0.000000E+00,2.678467E-01,0.000000E+00,4.470110E+03,6.977334E+02,2.306865E-01,5.383592E-02,8.247608E+03,1.930416E+03,4.255767E-01,1.489892E-01
02:30:00,3.026952E+04,7.048233E+03,1.562235E+00,5.438236E-01,2.924884E+04,2.943725E+04,1.509557E+00,2.271395E+00,5.161591E+04,3.409100E+04,2.663519E+00,2.631591E+00,5.190193E+03,0.000000E+00,2.678468E-01,0.000000E+00,4.470119E+03,7.186674E+02,2.306870E-01,5.545154E-02,8.247629E+03,1.929770E+03,4.255778E-01,1.489398E-01
02:45:00,3.026954E+04,7.047586E+03,1.562236E+00,5.437726E-01,2.924892E+04,2.947912E+04,1.509561E+00,2.274617E+00,5.161604E+04,3.402627E+04,2.663526E+00,2.626596E+00,5.190196E+03,0.000000E+00,2.678469E-01,0.000000E+00,4.470128E+03,7.379294E+02,2.306874E-01,5.693813E-02,8.247649E+03,1.928362E+03,4.255789E-01,1.488315E-01
03:00:00,3.026956E+04,7.044164E+03,1.562237E+00,5.435075E-01,2.924900E+04,2.951838E+04,1.509565E+00,2.277640E+00,5.161617E+04,3.396374E+04,2.663532E+00,2.621772E+00,5.190198E+03,0.000000E+00,2.678470E-01,0.000000E+00,4.470136E+03,7.558460E+02,2.306879E-01,5.832088E-02,8.247668E+03,1.926404E+03,4.255798E-01,1.486807E-01
03:15:00,3.026958E+04,7.036746E+03,1.562238E+00,5.429342E-01,2.924907E+04,2.955384E+04,1.509569E+00,2.280372E+00,5.161629E+04,3.390020E+04,2.663538E+00,2.616870E+00,5.190200E+03,0.000000E+00,2.678472E-01,0.000000E+00,4.470144E+03,7.722600E+02,2.306883E-01,5.958768E-02,8.247686E+03,1.923337E+03,4.255808E-01,1.484441E-01
03:30:00,3.026960E+04,7.025647E+03,1.562239E+00,5.420770E-01,2.924915E+04,2.958563E+04,1.509572E+00,2.282822E+00,5.161641E+04,3.383550E+04,2.663545E+00,2.611877E+00,5.190202E+03,0.000000E+00,2.678472E-01,0.000000E+00,4.470152E+03,7.873569E+02,2.306887E-01,6.075283E-02,8.247704E+03,1.919316E+03,4.255817E-01,1.481338E-01
03:45:00,3.026962E+04,7.011287E+03,1.562240E+00,5.409682E-01,2.924922E+04,2.961395E+04,1.509576E+00,2.285005E+00,5.161652E+04,3.376945E+04,2.663550E+00,2.606780E+00,5.190203E+03,0.000000E+00,2.678473E-01,0.000000E+00,4.470160E+03,8.012822E+02,2.306891E-01,6.182755E-02,8.247722E+03,1.914465E+03,4.255826E-01,1.477594E-01
04:00:00,3.026964E+04,6.994060E+03,1.562241E+00,5.396383E-01,2.924929E+04,2.963902E+04,1.509579E+00,2.286938E+00,5.161663E+04,3.370258E+04,2.663556E+00,2.601618E+00,5.190205E+03,0.000000E+00,2.678474E-01,0.000000E+00,4.470168E+03,8.141544E+02,2.306895E-01,6.282100E-02,8.247738E+03,1.908888E+03,4.255835E-01,1.473290E-01
04:15:00,3.026965E+04,6.976933E+03,1.562242E+00,5.383161E-01,2.924935E+04,2.966314E+04,1.509583E+00,2.288799E+00,5.161674E+04,3.363904E+04,2.663561E+00,2.596714E+00,5.190207E+03,0.000000E+00,2.678475E-01,0.000000E+00,4.470175E+03,8.265080E+02,2.306899E-01,6.377440E-02,8.247754E+03,1.903482E+03,4.255843E-01,1.469117E-01
04:30:00,3.026967E+04,6.960102E+03,1.562243E+00,5.370168E-01,2.924942E+04,2.968636E+04,1.509586E+00,2.290590E+00,5.161684E+04,3.357845E+04,2.663567E+00,2.592039E+00,5.190208E+03,0.000000E+00,2.678476E-01,0.000000E+00,4.470183E+03,8.384166E+02,2.306903E-01,6.469347E-02,8.247770E+03,1.898309E+03,4.255851E-01,1.465123E-01
04:45:00,3.026969E+04,6.943876E+03,1.562243E+00,5.357643E-01,2.924948E+04,2.970886E+04,1.509590E+00,2.292325E+00,5.161694E+04,3.352194E+04,2.663572E+00,2.587678E+00,5.190210E+03,0.000000E+00,2.678477E-01,0.000000E+00,4.470190E+03,8.499544E+02,2.306906E-01,6.558391E-02,8.247785E+03,1.893444E+03,4.255859E-01,1.461368E-01
05:00:00,3.026970E+04,6.928525E+03,1.562244E+00,5.345793E-01,2.924954E+04,2.973080E+04,1.509593E+00,2.294018E+00,5.161703E+04,3.346882E+04,2.663577E+00,2.583580E+00,5.190211E+03,0.000000E+00,2.678478E-01,0.000000E+00,4.470197E+03,8.611836E+02,2.306910E-01,6.645053E-02,8.247799E+03,1.888949E+03,4.255866E-01,1.457898E-01
05:15:00,3.026972E+04,6.918810E+03,1.562245E+00,5.338293E-01,2.924960E+04,2.975606E+04,1.509596E+00,2.295967E+00,5.161713E+04,3.343013E+04,2.663582E+00,2.580596E+00,5.190213E+03,0.000000E+00,2.678478E-01,0.000000E+00,4.470204E+03,8.733274E+02,2.306913E-01,6.738771E-02,8.247813E+03,1.887163E+03,4.255873E-01,1.456519E-01
05:30:00,3.026973E+04,6.917308E+03,1.562246E+00,5.337131E-01,2.924966E+04,2.978660E+04,1.509599E+00,2.298324E+00,5.161722E+04,3.340747E+04,2.663586E+00,2.578849E+00,5.190214E+03,0.000000E+00,2.678479E-01,0.000000E+00,4.470210E+03,8.865617E+02,2.306917E-01,6.840906E-02,8.247826E+03,1.888198E+03,4.255880E-01,1.457318E-01
05:45:00,3.026975E+04,6.924849E+03,1.562246E+00,5.342946E-01,2.924972E+04,2.982350E+04,1.509602E+00,2.301171E+00,5.161730E+04,3.340033E+04,2.663591E+00,2.578302E+00,5.190216E+03,0.000000E+00,2.678480E-01,0.000000E+00,4.470217E+03,9.009151E+02,2.306920E-01,6.951677E-02,8.247839E+03,1.892139E+03,4.255887E-01,1.460361E-01
06:00:00,3.026976E+04,6.941868E+03,1.562247E+00,5.356076E-01,2.924977E+04,2.986648E+04,1.509604E+00,2.304487E+00,5.161739E+04,3.340987E+04,2.663595E+00,2.579043E+00,5.190217E+03,0.000000E+00,2.678480E-01,0.000000E+00,4.470223E+03,9.165081E+02,2.306923E-01,7.072015E-02,8.247852E+03,1.899074E+03,4.255894E-01,1.465715E-01
06:15:00,2.945397E+04,2.108035E+04,1.520144E+00,1.750170E+00,2.843317E+04,4.172232E+04,1.467459E+00,3.404296E+00,4.811785E+04,4.345081E+04,2.483010E+00,3.524080E+00,5.144896E+03,6.067696E+01,2.655092E-01,5.939097E-03,4.424859E+03,2.926049E+03,2.283513E-01,2.388011E-01,7.755429E+03,3.624949E+03,4.001803E-01,2.921575E-01
06:30:00,2.863756E+04,2.242860E+04,1.478010E+00,1.918387E+00,2.761592E+04,4.227645E+04,1.425282E+00,3.613995E+00,4.461336E+04,4.476627E+04,2.302193E+00,3.826676E+00,5.099500E+03,1.179781E+02,2.631668E-01,1.155342E-02,4.379409E+03,2.758673E+03,2.260060E-01,2.271333E-01,7.262126E+03,3.583467E+03,3.747304E-01,2.979550E-01
06:45:00,2.782099E+04,3.137283E+04,1.435870E+00,2.831176E+00,2.679855E+04,4.994499E+04,1.383100E+00,4.521410E+00,4.110953E+04,5.324840E+04,2.121419E+00,4.832293E+00,5.054125E+03,2.006890E+02,2.608255E-01,1.965801E-02,4.333988E+03,3.948381E+03,2.236624E-01,3.485135E-01,6.769093E+03,4.896891E+03,3.492952E-01,4.365769E-01
07:00:00,2.700394E+04,3.840253E+04,1.393707E+00,3.556927E+00,2.598070E+04,5.595905E+04,1.340896E+00,5.267429E+00,3.760380E+04,5.995546E+04,1.940557E+00,5.664567E+00,5.008729E+03,2.860970E+02,2.584832E-01,2.802723E-02,4.288548E+03,4.754382E+03,2.213178E-01,4.324403E-01,6.275858E+03,5.809353E+03,3.238503E-01,5.360126E-01
07:15:00,2.700230E+04,3.142326E+04,1.393630E+00,3.080508E+00,2.597913E+04,5.021866E+04,1.340822E+00,4.923031E+00,3.759644E+04,5.665543E+04,1.940228E+00,5.554957E+00,5.008644E+03,3.173746E+02,2.584793E-01,3.109888E-02,4.288468E+03,3.567298E+03,2.213141E-01,3.496391E-01,6.274952E+03,4.994138E+03,3.238103E-01,4.895495E-01
07:30:00,2.700096E+04,3.731163E+04,1.393568E+00,3.658141E+00,2.597790E+04,5.585252E+04,1.340766E+00,5.476133E+00,3.759309E+04,6.211943E+04,1.940088E+00,6.091583E+00,5.008625E+03,3.569290E+02,2.584785E-01,3.497564E-02,4.288467E+03,4.544307E+03,2.213142E-01,4.454068E-01,6.274849E+03,5.925340E+03,3.238075E-01,5.808465E-01
07:45:00,2.699951E+04,3.570231E+04,1.393500E+00,3.500956E+00,2.597652E+04,5.445970E+04,1.340701E+00,5.340361E+00,3.758833E+04,6.048186E+04,1.939872E+00,5.931606E+00,5.008577E+03,3.764190E+02,2.584763E-01,3.688599E-02,4.288429E+03,4.156701E+03,2.213123E-01,4.074652E-01,6.274415E+03,5.487167E+03,3.237872E-01,5.379314E-01
08:00:00,2.699831E+04,3.610112E+04,1.393444E+00,3.540104E+00,2.597539E+04,5.480682E+04,1.340649E+00,5.374586E+00,3.758487E+04,6.069175E+04,1.939716E+00,5.952130E+00,5.008543E+03,3.981430E+02,2.584747E-01,3.901498E-02,4.288403E+03,4.147341E+03,2.213111E-01,4.065192E-01,6.274130E+03,5.438872E+03,3.237740E-01,5.331503E-01
08:15:00,2.699732E+04,3.649203E+04,1.393398E+00,3.578487E+00,2.597444E+04,5.518973E+04,1.340604E+00,5.412180E+00,3.758218E+04,6.096762E+04,1.939594E+00,5.979133E+00,5.008514E+03,4.188907E+02,2.584733E-01,4.104835E-02,4.288381E+03,4.133523E+03,2.213101E-01,4.051538E-01,6.273908E+03,5.391548E+03,3.237635E-01,5.284915E-01
08:30:00,2.699648E+04,3.690688E+04,1.393359E+00,3.619203E+00,2.597364E+04,5.559142E+04,1.340567E+00,5.451575E+00,3.758003E+04,6.129774E+04,1.939496E+00,6.011493E+00,5.008488E+03,4.401509E+02,2.584720E-01,4.313192E-02,4.288361E+03,4.129763E+03,2.213091E-01,4.047796E-01,6.273725E+03,5.359117E+03,3.237547E-01,5.253042E-01
08:45:00,2.699578E+04,3.732290E+04,1.393326E+00,3.660023E+00,2.597295E+04,5.599426E+04,1.340534E+00,5.491087E+00,3.757831E+04,6.165725E+04,1.939415E+00,6.046761E+00,5.008465E+03,4.612999E+02,2.584709E-01,4.520463E-02,4.288342E+03,4.131332E+03,2.213081E-01,4.049303E-01,6.273570E+03,5.336348E+03,3.237471E-01,5.230688E-01
09:00:00,2.699520E+04,3.774288E+04,1.393298E+00,3.701226E+00,2.597236E+04,5.639974E+04,1.340506E+00,5.530863E+00,3.757691E+04,6.204005E+04,1.939349E+00,6.084319E+00,5.008445E+03,4.824582E+02,2.584699E-01,4.727825E-02,4.288324E+03,4.136397E+03,2.213072E-01,4.054247E-01,6.273437E+03,5.320808E+03,3.237406E-01,5.215440E-01
09:15:00,2.699470E+04,3.814636E+04,1.393275E+00,3.740808E+00,2.597185E+04,5.678736E+04,1.340482E+00,5.568888E+00,3.757576E+04,6.241948E+04,1.939295E+00,6.121542E+00,5.008426E+03,5.018255E+02,2.584690E-01,4.917637E-02,4.288306E+03,4.142060E+03,2.213064E-01,4.059785E-01,6.273322E+03,5.308894E+03,3.237348E-01,5.203754E-01
09:30:00,2.699429E+04,3.853724E+04,1.393255E+00,3.779150E+00,2.597140E+04,5.716067E+04,1.340461E+00,5.605502E+00,3.757482E+04,6.279705E+04,1.939250E+00,6.158577E+00,5.008409E+03,5.191159E+02,2.584681E-01,5.087094E-02,4.288290E+03,4.147338E+03,2.213055E-01,4.064950E-01,6.273221E+03,5.299441E+03,3.237297E-01,5.194484E-01
09:45:00,2.699394E+04,3.891250E+04,1.393239E+00,3.815958E+00,2.597101E+04,5.751756E+04,1.340442E+00,5.640503E+00,3.757403E+04,6.316963E+04,1.939212E+00,6.195120E+00,5.008394E+03,5.341083E+02,2.584674E-01,5.234028E-02,4.288274E+03,4.151615E+03,2.213047E-01,4.069136E-01,6.273132E+03,5.291730E+03,3.237253E-01,5.186924E-01
10:00:00,2.699365E+04,3.926975E+04,1.393225E+00,3.850997E+00,2.597067E+04,5.785585E+04,1.340426E+00,5.673678E+00,3.757338E+04,6.353569E+04,1.939180E+00,6.231023E+00,5.008380E+03,5.466510E+02,2.584667E-01,5.356952E-02,4.288259E+03,4.154427E+03,2.213039E-01,4.071888E-01,6.273053E+03,5.285242E+03,3.237213E-01,5.180566E-01
10:15:00,2.699340E+04,3.960735E+04,1.393213E+00,3.884106E+00,2.597037E+04,5.817350E+04,1.340411E+00,5.704827E+00,3.757282E+04,6.389339E+04,1.939153E+00,6.266104E+00,5.008368E+03,5.567555E+02,2.584661E-01,5.455979E-02,4.288244E+03,4.155443E+03,2.213032E-01,4.072882E-01,6.272983E+03,5.279653E+03,3.237177E-01,5.175089E-01
10:30:00,2.699319E+04,3.991912E+04,1.393203E+00,3.914682E+00,2.597011E+04,5.846553E+04,1.340398E+00,5.733465E+00,3.757234E+04,6.423806E+04,1.939129E+00,6.299909E+00,5.008357E+03,5.643849E+02,2.584655E-01,5.530746E-02,4.288230E+03,4.154519E+03,2.213025E-01,4.071975E-01,6.272920E+03,5.274816E+03,3.237145E-01,5.170350E-01
10:45:00,2.699301E+04,4.021509E+04,1.393194E+00,3.943707E+00,2.596987E+04,5.873977E+04,1.340386E+00,5.760357E+00,3.757193E+04,6.457738E+04,1.939108E+00,6.333187E+00,5.008347E+03,5.709799E+02,2.584650E-01,5.595371E-02,4.288216E+03,4.152480E+03,2.213018E-01,4.069975E-01,6.272864E+03,5.271590E+03,3.237116E-01,5.167190E-01
11:00:00,2.699286E+04,4.051172E+04,1.393187E+00,3.972796E+00,2.596966E+04,5.901050E+04,1.340376E+00,5.786906E+00,3.757157E+04,6.492514E+04,1.939090E+00,6.367294E+00,5.008338E+03,5.792531E+02,2.584645E-01,5.676441E-02,4.288203E+03,4.151274E+03,2.213011E-01,4.068792E-01,6.272812E+03,5.272013E+03,3.237089E-01,5.167607E-01
11:15:00,2.699273E+04,4.079924E+04,1.393181E+00,4.000992E+00,2.596946E+04,5.926918E+04,1.340366E+00,5.812273E+00,3.757124E+04,6.527107E+04,1.939074E+00,6.401221E+00,5.008330E+03,5.892631E+02,2.584641E-01,5.774535E-02,4.288191E+03,4.150928E+03,2.213005E-01,4.068453E-01,6.272765E+03,5.275864E+03,3.237065E-01,5.171385E-01
11:30:00,2.699262E+04,4.108032E+04,1.393175E+00,4.028558E+00,2.596929E+04,5.951956E+04,1.340358E+00,5.836828E+00,3.757096E+04,6.562056E+04,1.939059E+00,6.435498E+00,5.008323E+03,6.017835E+02,2.584638E-01,5.897234E-02,4.288179E+03,4.152188E+03,2.212999E-01,4.069689E-01,6.272722E+03,5.284081E+03,3.237043E-01,5.179443E-01
11:45:00,2.699253E+04,4.134862E+04,1.393171E+00,4.054872E+00,2.596912E+04,5.975818E+04,1.340350E+00,5.860228E+00,3.757069E+04,6.597134E+04,1.939046E+00,6.469901E+00,5.008317E+03,6.159461E+02,2.584634E-01,6.036031E-02,4.288167E+03,4.154750E+03,2.212992E-01,4.072202E-01,6.272682E+03,5.296435E+03,3.237022E-01,5.191557E-01
12:00:00,2.699244E+04,4.159138E+04,1.393167E+00,4.078681E+00,2.596898E+04,5.997470E+04,1.340342E+00,5.881462E+00,3.757045E+04,6.631364E+04,1.939034E+00,6.503471E+00,5.008311E+03,6.295992E+02,2.584631E-01,6.169839E-02,4.288155E+03,4.157172E+03,2.212987E-01,4.074578E-01,6.272645E+03,5.311474E+03,3.237003E-01,5.206303E-01
12:15:00,2.699237E+04,4.182111E+04,1.393163E+00,4.101211E+00,2.596884E+04,6.018173E+04,1.340335E+00,5.901763E+00,3.757023E+04,6.666181E+04,1.939023E+00,6.537617E+00,5.008306E+03,6.431811E+02,2.584629E-01,6.302948E-02,4.288144E+03,4.160029E+03,2.212981E-01,4.077379E-01,6.272611E+03,5.329989E+03,3.236986E-01,5.224456E-01
12:30:00,2.699231E+04,4.203945E+04,1.393160E+00,4.122623E+00,2.596871E+04,6.037973E+04,1.340329E+00,5.921179E+00,3.757003E+04,6.701459E+04,1.939012E+00,6.572214E+00,5.008301E+03,6.565310E+02,2.584626E-01,6.433785E-02,4.288134E+03,4.163101E+03,2.212975E-01,4.080392E-01,6.272579E+03,5.351540E+03,3.236969E-01,5.245584E-01
12:45:00,2.699226E+04,4.224946E+04,1.393158E+00,4.143217E+00,2.596859E+04,6.057095E+04,1.340323E+00,5.939930E+00,3.756983E+04,6.737302E+04,1.939002E+00,6.607365E+00,5.008297E+03,6.696461E+02,2.584624E-01,6.562320E-02,4.288123E+03,4.166311E+03,2.212970E-01,4.083539E-01,6.272549E+03,5.375886E+03,3.236954E-01,5.269452E-01
13:00:00,2.699221E+04,4.245340E+04,1.393155E+00,4.163216E+00,2.596848E+04,6.075746E+04,1.340317E+00,5.958219E+00,3.756965E+04,6.773821E+04,1.938993E+00,6.643180E+00,5.008293E+03,6.825511E+02,2.584622E-01,6.688796E-02,4.288113E+03,4.169638E+03,2.212965E-01,4.086801E-01,6.272520E+03,5.402830E+03,3.236939E-01,5.295866E-01
13:15:00,2.699217E+04,4.264620E+04,1.393153E+00,4.182124E+00,2.596837E+04,6.093437E+04,1.340312E+00,5.975567E+00,3.756948E+04,6.810401E+04,1.938984E+00,6.679054E+00,5.008290E+03,6.948259E+02,2.584620E-01,6.809096E-02,4.288103E+03,4.172656E+03,2.212960E-01,4.089760E-01,6.272493E+03,5.431662E+03,3.236925E-01,5.324131E-01
13:30:00,2.699213E+04,4.282578E+04,1.393151E+00,4.199735E+00,2.596827E+04,6.109995E+04,1.340306E+00,5.991805E+00,3.756932E+04,6.846805E+04,1.938976E+00,6.714754E+00,5.008287E+03,7.062967E+02,2.584619E-01,6.921517E-02,4.288094E+03,4.175234E+03,2.212955E-01,4.092288E-01,6.272468E+03,5.462066E+03,3.236912E-01,5.353936E-01
13:45:00,2.699209E+04,4.298840E+04,1.393150E+00,4.215684E+00,2.596817E+04,6.125095E+04,1.340301E+00,6.006611E+00,3.756917E+04,6.882612E+04,1.938968E+00,6.749868E+00,5.008284E+03,7.167336E+02,2.584617E-01,7.023804E-02,4.288084E+03,4.177197E+03,2.212950E-01,4.094213E-01,6.272444E+03,5.493638E+03,3.236900E-01,5.384885E-01
14:00:00,2.699206E+04,4.313067E+04,1.393148E+00,4.229636E+00,2.596808E+04,6.138410E+04,1.340297E+00,6.019667E+00,3.756902E+04,6.917360E+04,1.938960E+00,6.783944E+00,5.008281E+03,7.259117E+02,2.584616E-01,7.113754E-02,4.288075E+03,4.178365E+03,2.212945E-01,4.095358E-01,6.272421E+03,5.525944E+03,3.236888E-01,5.416553E-01
14:15:00,2.699204E+04,4.323924E+04,1.393147E+00,4.240282E+00,2.596799E+04,6.148589E+04,1.340292E+00,6.029646E+00,3.756888E+04,6.949388E+04,1.938953E+00,6.815350E+00,5.008279E+03,7.327847E+02,2.584615E-01,7.181112E-02,4.288067E+03,4.177746E+03,2.212941E-01,4.094751E-01,6.272399E+03,5.557567E+03,3.236877E-01,5.447552E-01
14:30:00,2.699201E+04,4.332947E+04,1.393145E+00,4.249129E+00,2.596791E+04,6.156882E+04,1.340288E+00,6.037775E+00,3.756874E+04,6.979724E+04,1.938946E+00,6.845096E+00,5.008276E+03,7.402719E+02,2.584614E-01,7.254484E-02,4.288058E+03,4.177323E+03,2.212936E-01,4.094337E-01,6.272378E+03,5.590296E+03,3.236866E-01,5.479633E-01
14:45:00,2.699199E+04,4.340910E+04,1.393144E+00,4.256937E+00,2.596783E+04,6.164029E+04,1.340284E+00,6.044781E+00,3.756861E+04,7.008963E+04,1.938939E+00,6.873764E+00,5.008274E+03,7.498964E+02,2.584612E-01,7.348803E-02,4.288050E+03,4.178285E+03,2.212932E-01,4.095280E-01,6.272358E+03,5.625212E+03,3.236855E-01,5.513858E-01
15:00:00,2.699196E+04,4.348038E+04,1.393143E+00,4.263925E+00,2.596775E+04,6.170374E+04,1.340280E+00,6.051000E+00,3.756849E+04,7.037359E+04,1.938933E+00,6.901607E+00,5.008272E+03,7.622417E+02,2.584611E-01,7.469791E-02,4.288041E+03,4.181298E+03,2.212928E-01,4.098233E-01,6.272339E+03,5.662890E+03,3.236845E-01,5.550791E-01
15:15:00,2.699194E+04,4.353809E+04,1.393142E+00,4.269584E+00,2.596768E+04,6.175544E+04,1.340276E+00,6.056067E+00,3.756837E+04,7.064463E+04,1.938927E+00,6.928183E+00,5.008270E+03,7.771972E+02,2.584610E-01,7.616364E-02,4.288033E+03,4.186464E+03,2.212924E-01,4.103298E-01,6.272321E+03,5.703240E+03,3.236836E-01,5.590343E-01
15:30:00,2.699193E+04,4.356047E+04,1.393141E+00,4.271779E+00,2.596760E+04,6.177767E+04,1.340272E+00,6.058243E+00,3.756825E+04,7.088421E+04,1.938921E+00,6.951673E+00,5.008269E+03,7.918433E+02,2.584609E-01,7.759911E-02,4.288026E+03,4.191998E+03,2.212920E-01,4.108723E-01,6.272303E+03,5.744212E+03,3.236827E-01,5.630505E-01
15:45:00,2.699191E+04,4.353970E+04,1.393140E+00,4.269742E+00,2.596753E+04,6.176304E+04,1.340269E+00,6.056804E+00,3.756814E+04,7.108255E+04,1.938915E+00,6.971117E+00,5.008267E+03,8.044764E+02,2.584609E-01,7.883732E-02,4.288018E+03,4.196763E+03,2.212916E-01,4.113394E-01,6.272286E+03,5.784283E+03,3.236818E-01,5.669783E-01
16:00:00,2.699189E+04,4.347411E+04,1.393139E+00,4.263307E+00,2.596747E+04,6.170873E+04,1.340265E+00,6.051471E+00,3.756803E+04,7.123390E+04,1.938909E+00,6.985950E+00,5.008265E+03,8.142301E+02,2.584608E-01,7.979330E-02,4.288011E+03,4.200028E+03,2.212912E-01,4.116593E-01,6.272269E+03,5.822289E+03,3.236809E-01,5.707036E-01
16:15:00,2.699187E+04,4.338456E+04,1.393138E+00,4.254520E+00,2.596740E+04,6.163448E+04,1.340262E+00,6.044182E+00,3.756793E+04,7.135719E+04,1.938904E+00,6.998030E+00,5.008264E+03,8.219775E+02,2.584607E-01,8.055261E-02,4.288003E+03,4.202673E+03,2.212908E-01,4.119185E-01,6.272253E+03,5.859034E+03,3.236801E-01,5.743052E-01
16:30:00,2.699186E+04,4.327417E+04,1.393138E+00,4.243690E+00,2.596734E+04,6.154212E+04,1.340259E+00,6.035118E+00,3.756783E+04,7.145196E+04,1.938899E+00,7.007313E+00,5.008262E+03,8.269897E+02,2.584606E-01,8.104383E-02,4.287996E+03,4.203993E+03,2.212904E-01,4.120477E-01,6.272238E+03,5.893405E+03,3.236793E-01,5.776740E-01
16:45:00,2.699184E+04,4.313903E+04,1.393137E+00,4.230431E+00,2.596728E+04,6.142753E+04,1.340256E+00,6.023874E+00,3.756773E+04,7.151256E+04,1.938894E+00,7.013248E+00,5.008261E+03,8.285525E+02,2.584606E-01,8.119696E-02,4.287989E+03,4.203295E+03,2.212901E-01,4.119791E-01,6.272223E+03,5.924296E+03,3.236786E-01,5.807016E-01
17:00:00,2.699183E+04,4.297328E+04,1.393136E+00,4.214171E+00,2.596722E+04,6.128463E+04,1.340253E+00,6.009855E+00,3.756763E+04,7.153138E+04,1.938889E+00,7.015084E+00,5.008260E+03,8.258595E+02,2.584605E-01,8.093297E-02,4.287983E+03,4.199802E+03,2.212897E-01,4.116366E-01,6.272209E+03,5.950525E+03,3.236778E-01,5.832723E-01
17:15:00,2.699182E+04,4.277082E+04,1.393136E+00,4.194310E+00,2.596716E+04,6.110656E+04,1.340250E+00,5.992388E+00,3.756754E+04,7.149966E+04,1.938884E+00,7.011964E+00,5.008258E+03,8.180296E+02,2.584604E-01,8.016549E-02,4.287976E+03,4.192656E+03,2.212894E-01,4.109359E-01,6.272195E+03,5.970797E+03,3.236771E-01,5.852588E-01
17:30:00,2.699180E+04,4.251445E+04,1.393135E+00,4.169160E+00,2.596710E+04,6.087753E+04,1.340247E+00,5.969922E+00,3.756746E+04,7.140004E+04,1.938880E+00,7.002184E+00,5.008257E+03,8.032964E+02,2.584604E-01,7.872143E-02,4.287970E+03,4.180375E+03,2.212891E-01,4.097319E-01,6.272182E+03,5.983335E+03,3.236764E-01,5.864872E-01
17:45:00,2.699179E+04,4.220190E+04,1.393134E+00,4.138496E+00,2.596705E+04,6.059344E+04,1.340244E+00,5.942055E+00,3.756737E+04,7.122616E+04,1.938875E+00,6.985120E+00,5.008256E+03,7.810115E+02,2.584603E-01,7.653721E-02,4.287963E+03,4.162207E+03,2.212888E-01,4.079507E-01,6.272169E+03,5.986901E+03,3.236758E-01,5.868360E-01
18:00:00,2.699178E+04,4.182668E+04,1.393134E+00,4.101684E+00,2.596700E+04,6.024689E+04,1.340241E+00,5.908063E+00,3.756729E+04,7.096760E+04,1.938871E+00,6.959751E+00,5.008255E+03,7.501181E+02,2.584602E-01,7.350929E-02,4.287957E+03,4.137112E+03,2.212884E-01,4.054907E-01,6.272157E+03,5.980030E+03,3.236751E-01,5.861618E-01
18:15:00,2.780757E+04,4.136111E+04,1.435239E+00,4.056009E+00,2.678360E+04,5.980989E+04,1.382389E+00,5.865201E+00,4.106682E+04,7.059274E+04,2.119484E+00,6.922975E+00,5.053576E+03,7.080314E+02,2.607991E-01,6.938438E-02,4.333321E+03,4.102632E+03,2.236295E-01,4.021106E-01,6.764580E+03,5.959611E+03,3.490867E-01,5.841593E-01
18:30:00,2.862357E+04,4.078754E+04,1.477355E+00,3.999737E+00,2.760042E+04,5.926688E+04,1.424547E+00,5.811941E+00,4.456840E+04,7.008437E+04,2.300189E+00,6.873104E+00,5.098969E+03,6.524750E+02,2.631414E-01,6.393944E-02,4.378769E+03,4.056884E+03,2.259747E-01,3.976261E-01,7.257714E+03,5.923214E+03,3.745301E-01,5.805906E-01
18:45:00,2.944002E+04,4.009940E+04,1.519492E+00,3.932224E+00,2.841767E+04,5.860969E+04,1.466725E+00,5.747483E+00,4.807174E+04,6.943120E+04,2.480967E+00,6.809030E+00,5.144344E+03,5.835189E+02,2.654827E-01,5.718136E-02,4.424190E+03,3.999450E+03,2.283183E-01,3.919960E-01,7.750726E+03,5.870090E+03,3.999657E-01,5.753821E-01
19:00:00,3.025702E+04,3.937743E+04,1.561654E+00,3.861390E+00,2.923546E+04,5.790171E+04,1.508929E+00,5.678043E+00,5.157758E+04,6.869167E+04,2.661851E+00,6.736485E+00,5.189739E+03,5.097923E+02,2.678250E-01,4.995582E-02,4.469629E+03,3.935843E+03,2.306629E-01,3.857608E-01,8.243960E+03,5.805778E+03,4.254114E-01,5.690768E-01
19:15:00,3.025868E+04,3.871858E+04,1.561731E+00,3.796744E+00,2.923705E+04,5.723544E+04,1.509002E+00,5.612698E+00,5.158546E+04,6.796581E+04,2.662183E+00,6.665284E+00,5.189824E+03,4.402476E+02,2.678288E-01,4.314020E-02,4.469709E+03,3.873677E+03,2.306666E-01,3.796670E-01,8.244883E+03,5.739279E+03,4.254500E-01,5.625573E-01
19:30:00,3.026052E+04,3.816988E+04,1.561816E+00,3.742910E+00,2.923879E+04,5.665472E+04,1.509083E+00,5.555751E+00,5.159240E+04,6.730247E+04,2.662468E+00,6.600224E+00,5.189846E+03,3.805531E+02,2.678297E-01,3.729003E-02,4.469713E+03,3.817521E+03,2.306666E-01,3.741625E-01,8.245175E+03,5.675847E+03,4.254602E-01,5.563388E-01
19:45:00,3.026221E+04,3.774940E+04,1.561893E+00,3.701662E+00,2.924040E+04,5.618114E+04,1.509156E+00,5.509319E+00,5.159832E+04,6.673086E+04,2.662712E+00,6.544170E+00,5.189894E+03,3.329096E+02,2.678320E-01,3.262102E-02,4.469751E+03,3.769721E+03,2.306684E-01,3.694773E-01,8.245649E+03,5.618545E+03,4.254809E-01,5.507216E-01
20:00:00,3.026358E+04,3.739193E+04,1.561956E+00,3.666605E+00,2.924171E+04,5.576767E+04,1.509216E+00,5.468788E+00,5.160228E+04,6.621401E+04,2.662874E+00,6.493493E+00,5.189929E+03,2.914734E+02,2.678336E-01,2.856047E-02,4.469777E+03,3.727071E+03,2.306697E-01,3.652974E-01,8.245949E+03,5.564540E+03,4.254940E-01,5.454281E-01
20:15:00,3.026468E+04,3.706046E+04,1.562006E+00,3.634102E+00,2.924277E+04,5.538203E+04,1.509265E+00,5.430985E+00,5.160497E+04,6.572013E+04,2.662988E+00,6.445069E+00,5.189959E+03,2.533897E+02,2.678350E-01,2.482855E-02,4.469800E+03,3.687429E+03,2.306707E-01,3.614122E-01,8.246168E+03,5.511439E+03,4.255040E-01,5.402232E-01
20:30:00,3.026557E+04,3.674886E+04,1.562048E+00,3.603545E+00,2.924363E+04,5.501710E+04,1.509304E+00,5.395210E+00,5.160690E+04,6.524088E+04,2.663074E+00,6.398078E+00,5.189985E+03,2.182244E+02,2.678363E-01,2.138266E-02,4.469821E+03,3.650336E+03,2.306718E-01,3.577770E-01,8.246342E+03,5.458749E+03,4.255123E-01,5.350587E-01
20:45:00,3.026629E+04,3.645422E+04,1.562081E+00,3.574651E+00,2.924434E+04,5.466915E+04,1.509338E+00,5.361096E+00,5.160834E+04,6.477147E+04,2.663141E+00,6.352048E+00,5.190008E+03,1.856566E+02,2.678374E-01,1.819137E-02,4.469840E+03,3.615446E+03,2.306727E-01,3.543576E-01,8.246489E+03,5.406172E+03,4.255196E-01,5.299052E-01
21:00:00,3.026687E+04,3.617504E+04,1.562108E+00,3.547271E+00,2.924494E+04,5.433614E+04,1.509365E+00,5.328446E+00,5.160946E+04,6.430950E+04,2.663194E+00,6.306747E+00,5.190029E+03,1.554115E+02,2.678385E-01,1.522771E-02,4.469859E+03,3.582484E+03,2.306737E-01,3.511272E-01,8.246616E+03,5.353562E+03,4.255259E-01,5.247485E-01
21:15:00,3.026735E+04,3.589937E+04,1.562131E+00,3.520235E+00,2.924543E+04,5.400595E+04,1.509389E+00,5.296071E+00,5.161034E+04,6.384200E+04,2.663237E+00,6.260902E+00,5.190049E+03,1.264443E+02,2.678395E-01,1.238932E-02,4.469877E+03,3.550439E+03,2.306746E-01,3.479866E-01,8.246726E+03,5.299903E+03,4.255315E-01,5.194888E-01
21:30:00,3.026773E+04,3.562610E+04,1.562149E+00,3.493434E+00,2.924585E+04,5.367744E+04,1.509409E+00,5.263860E+00,5.161105E+04,6.336849E+04,2.663271E+00,6.214467E+00,5.190066E+03,9.852205E+01,2.678403E-01,9.653359E-03,4.469894E+03,3.519114E+03,2.306754E-01,3.449166E-01,8.246823E+03,5.245207E+03,4.255364E-01,5.141275E-01
21:45:00,3.026805E+04,3.535468E+04,1.562164E+00,3.466813E+00,2.924621E+04,5.335008E+04,1.509426E+00,5.231761E+00,5.161163E+04,6.288935E+04,2.663300E+00,6.167479E+00,5.190082E+03,7.145411E+01,2.678411E-01,7.001147E-03,4.469911E+03,3.488363E+03,2.306763E-01,3.419027E-01,8.246908E+03,5.189556E+03,4.255407E-01,5.086726E-01
22:00:00,3.026831E+04,3.508477E+04,1.562176E+00,3.440341E+00,2.924652E+04,5.302361E+04,1.509441E+00,5.199748E+00,5.161211E+04,6.240538E+04,2.663324E+00,6.120017E+00,5.190097E+03,4.508962E+01,2.678419E-01,4.417902E-03,4.469927E+03,3.458073E+03,2.306771E-01,3.389340E-01,8.246984E+03,5.133073E+03,4.255446E-01,5.031360E-01
22:15:00,3.026852E+04,2.621247E+04,1.562186E+00,2.570339E+00,2.924679E+04,4.229154E+04,1.509454E+00,4.092615E+00,5.161252E+04,5.089734E+04,2.663345E+00,4.903304E+00,5.190109E+03,2.398525E+01,2.678425E-01,2.350072E-03,4.469942E+03,2.582232E+03,2.306778E-01,2.530908E-01,8.247051E+03,3.828558E+03,4.255480E-01,3.752693E-01
22:30:00,3.026870E+04,1.740779E+04,1.562194E+00,1.706970E+00,2.924702E+04,3.426476E+04,1.509465E+00,3.198037E+00,5.161288E+04,4.238882E+04,2.663363E+00,3.923027E+00,5.190121E+03,9.534794E+00,2.678431E-01,9.342130E-04,4.469956E+03,1.714003E+03,2.306786E-01,1.679937E-01,8.247112E+03,2.666019E+03,4.255512E-01,2.586750E-01
22:45:00,3.026884E+04,8.751616E+03,1.562201E+00,8.566000E-01,2.924723E+04,2.773312E+04,1.509475E+00,2.418855E+00,5.161320E+04,3.522614E+04,2.663379E+00,3.046353E+00,5.190131E+03,1.582682E+00,2.678436E-01,1.550691E-04,4.469970E+03,8.532868E+02,2.306793E-01,8.363273E-02,8.247166E+03,1.671659E+03,4.255540E-01,1.554990E-01
23:00:00,3.026896E+04,8.222391E+02,1.562207E+00,6.436706E-02,2.924742E+04,2.158130E+04,1.509485E+00,1.669663E+00,5.161349E+04,2.836402E+04,2.663394E+00,2.194605E+00,5.190140E+03,0.000000E+00,2.678441E-01,0.000000E+00,4.469984E+03,0.000000E+00,2.306800E-01,0.000000E+00,8.247216E+03,7.839565E+02,4.255565E-01,6.073288E-02
23:15:00,3.026906E+04,2.284687E+03,1.562212E+00,1.772207E-01,2.924759E+04,2.609561E+04,1.509493E+00,2.017404E+00,5.161375E+04,3.280287E+04,2.663408E+00,2.535987E+00,5.190148E+03,0.000000E+00,2.678445E-01,0.000000E+00,4.469997E+03,0.000000E+00,2.306807E-01,0.000000E+00,8.247262E+03,1.227840E+03,4.255589E-01,9.498374E-02
23:30:00,3.026915E+04,4.021230E+03,1.562216E+00,3.112073E-01,2.924774E+04,2.807220E+04,1.509501E+00,2.167294E+00,5.161400E+04,3.439295E+04,2.663420E+00,2.655244E+00,5.190155E+03,0.000000E+00,2.678449E-01,0.000000E+00,4.470009E+03,5.524830E+01,2.306813E-01,4.320304E-03,8.247303E+03,1.547169E+03,4.255610E-01,1.196018E-01
23:45:00,3.026922E+04,5.618620E+03,1.562220E+00,4.343258E-01,2.924788E+04,2.866733E+04,1.509508E+00,2.212261E+00,5.161422E+04,3.476426E+04,2.663432E+00,2.683268E+00,5.190162E+03,0.000000E+00,2.678452E-01,0.000000E+00,4.470021E+03,1.695871E+02,2.306819E-01,1.314211E-02,8.247342E+03,1.731793E+03,4.255630E-01,1.336823E-01
24:00:00,3.026929E+04,6.644441E+03,1.562223E+00,5.126859E-01,2.924801E+04,2.898794E+04,1.509514E+00,2.237045E+00,5.161443E+04,3.494715E+04,2.663443E+00,2.697581E+00,5.190167E+03,0.000000E+00,2.678455E-01,0.000000E+00,4.470032E+03,2.593769E+02,2.306825E-01,2.006963E-02,8.247378E+03,1.830031E+03,4.255649E-01,1.412189E-01
Peak,3.026976E+04,4.356047E+04,1.562247E+00,4.271779E+00,2.924977E+04,6.177767E+04,1.509604E+00,6.058243E+00,5.161739E+04,7.153138E+04,2.663595E+00,7.015084E+00,5.190217E+03,8.285525E+02,2.678480E-01,8.119696E-02,4.470223E+03,4.754382E+03,2.306923E-01,4.324403E-01,8.247852E+03,5.986901E+03,4.255894E-01,5.868360E-01

Peak Vol Flow (m3/s),,,1.300141E+00,3.555081E+00,,,1.256330E+00,5.041821E+00,,,2.216710E+00,5.838127E+00,,,2.229098E-01,6.757413E-02,,,1.919879E-01,3.598876E-01,,,3.541860E-01,4.883795E-01
