Time,THERMAL ZONE 1:HELSINKI ANN HTG 99.6% CONDNS DB:Des Heat Load [W],THERMAL ZONE 1:NAPLES ANN CLG .4% CONDNS DB=>MWB:Des Sens Cool Load [W],THERMAL ZONE 1:HELSINKI ANN HTG 99.6% CONDNS DB:Des Heat Mass Flow [kg/s],THERMAL ZONE 1:NAPLES ANN CLG .4% CONDNS DB=>MWB:Des Cool Mass Flow [kg/s],THERMAL ZONE 2:HELSINKI ANN HTG 99.6% CONDNS DB:Des Heat Load [W],THERMAL ZONE 2:NAPLES ANN CLG .4% CONDNS DB=>MWB:Des Sens Cool Load [W],THERMAL ZONE 2:HELSINKI ANN HTG 99.6% CONDNS DB:Des Heat Mass Flow [kg/s],THERMAL ZONE 2:NAPLES ANN CLG .4% CONDNS DB=>MWB:Des Cool Mass Flow [kg/s],THERMAL ZONE 3:HELSINKI ANN HTG 99.6% CONDNS DB:Des Heat Load [W],THERMAL ZONE 3:NAPLES ANN CLG .4% CONDNS DB=>MWB:Des Sens Cool Load [W],THERMAL ZONE 3:HELSINKI ANN HTG 99.6% CONDNS DB:Des Heat Mass Flow [kg/s],THERMAL ZONE 3:NAPLES ANN CLG .4% CONDNS DB=>MWB:Des Cool Mass Flow [kg/s],THERMAL ZONE 4:HELSINKI ANN HTG 99.6% CONDNS DB:Des Heat Load [W],THERMAL ZONE 4:NAPLES ANN CLG .4% CONDNS DB=>MWB:Des Sens Cool Load [W],THERMAL ZONE 4:HELSINKI ANN HTG 99.6% CONDNS DB:Des Heat Mass Flow [kg/s],THERMAL ZONE 4:NAPLES ANN CLG .4% CONDNS DB=>MWB:Des Cool Mass Flow [kg/s],THERMAL ZONE 5:HELSINKI ANN HTG 99.6% CONDNS DB:Des Heat Load [W],THERMAL ZONE 5:NAPLES ANN CLG .4% CONDNS DB=>MWB:Des Sens Cool Load [W],THERMAL ZONE 5:HELSINKI ANN HTG 99.6% CONDNS DB:Des Heat Mass Flow [kg/s],THERMAL ZONE 5:NAPLES ANN CLG .4% CONDNS DB=>MWB:Des Cool Mass Flow [kg/s],THERMAL ZONE 6:HELSINKI ANN HTG 99.6% CONDNS DB:Des Heat Load [W],THERMAL ZONE 6:NAPLES ANN CLG .4% CONDNS DB=>MWB:Des Sens Cool Load [W],THERMAL ZONE 6:HELSINKI ANN HTG 99.6% CONDNS DB:Des Heat Mass Flow [kg/s],THERMAL ZONE 6:NAPLES ANN CLG .4% CONDNS DB=>MWB:Des Cool Mass Flow [kg/s]
00:10:00,3.158189E+04,2.782774E+03,1.629945E+00,2.146925E-01,2.996548E+04,2.702711E+04,1.546522E+00,2.085374E+00,6.484355E+04,3.000183E+04,3.345869E+00,2.315153E+00,7.921445E+03,0.000000E+00,4.087535E-01,0.000000E+00,7.156446E+03,0.000000E+00,3.692787E-01,0.000000E+00,1.297992E+04,5.774246E+02,6.696535E-01,4.454955E-02
00:20:00,3.158192E+04,2.911360E+03,1.629947E+00,2.246135E-01,2.996556E+04,2.704323E+04,1.546526E+00,2.086600E+00,6.484370E+04,3.000950E+04,3.345876E+00,2.315742E+00,7.921448E+03,0.000000E+00,4.087536E-01,0.000000E+00,7.156455E+03,0.000000E+00,3.692791E-01,0.000000E+00,1.297994E+04,6.284634E+02,6.696549E-01,4.848760E-02
00:30:00,3.158194E+04,3.075029E+03,1.629948E+00,2.372411E-01,2.996564E+04,2.705312E+04,1.546531E+00,2.087345E+00,6.484384E+04,3.000287E+04,3.345883E+00,2.315224E+00,7.921450E+03,0.000000E+00,4.087537E-01,0.000000E+00,7.156463E+03,0.000000E+00,3.692795E-01,0.000000E+00,1.297997E+04,6.567587E+02,6.696562E-01,5.067103E-02
00:40:00,3.158196E+04,3.153706E+03,1.629949E+00,2.433116E-01,2.996572E+04,2.706054E+04,1.546535E+00,2.087899E+00,6.484397E+04,2.998655E+04,3.345890E+00,2.313958E+00,7.921452E+03,0.000000E+00,4.087538E-01,0.000000E+00,7.156471E+03,0.000000E+00,3.692799E-01,0.000000E+00,1.297999E+04,6.798036E+02,6.696574E-01,5.244931E-02
00:50:00,3.158198E+04,3.211431E+03,1.629950E+00,2.477655E-01,2.996580E+04,2.706603E+04,1.546538E+00,2.088307E+00,6.484410E+04,2.996354E+04,3.345897E+00,2.312175E+00,7.921454E+03,0.000000E+00,4.087539E-01,0.000000E+00,7.156479E+03,0.000000E+00,3.692803E-01,0.000000E+00,1.298002E+04,6.988494E+02,6.696586E-01,5.391902E-02
01:00:00,3.158200E+04,3.252973E+03,1.629951E+00,2.509707E-01,2.996587E+04,2.707001E+04,1.546542E+00,2.088600E+00,6.484423E+04,2.993525E+04,3.345903E+00,2.309985E+00,7.921455E+03,0.000000E+00,4.087540E-01,0.000000E+00,7.156486E+03,0.000000E+00,3.692807E-01,0.000000E+00,1.298004E+04,7.146520E+02,6.696597E-01,5.513849E-02
01:10:00,3.158203E+04,3.299668E+03,1.629952E+00,2.545733E-01,2.996596E+04,2.708903E+04,1.546546E+00,2.090053E+00,6.484437E+04,2.991922E+04,3.345911E+00,2.308740E+00,7.921458E+03,0.000000E+00,4.087541E-01,0.000000E+00,7.156495E+03,0.000000E+00,3.692812E-01,0.000000E+00,1.298006E+04,7.292140E+02,6.696609E-01,5.626221E-02
01:20:00,3.158205E+04,3.337832E+03,1.629953E+00,2.575178E-01,2.996604E+04,2.710786E+04,1.546551E+00,2.091493E+00,6.484452E+04,2.990175E+04,3.345918E+00,2.307383E+00,7.921460E+03,0.000000E+00,4.087543E-01,0.000000E+00,7.156504E+03,0.000000E+00,3.692816E-01,0.000000E+00,1.298009E+04,7.420765E+02,6.696622E-01,5.725481E-02
01:30:00,3.158208E+04,3.368644E+03,1.629955E+00,2.598950E-01,2.996612E+04,2.712607E+04,1.546555E+00,2.092886E+00,6.484466E+04,2.988322E+04,3.345926E+00,2.305946E+00,7.921463E+03,0.000000E+00,4.087544E-01,0.000000E+00,7.156513E+03,0.000000E+00,3.692821E-01,0.000000E+00,1.298011E+04,7.536149E+02,6.696633E-01,5.814521E-02
01:40:00,3.158210E+04,3.393390E+03,1.629956E+00,2.618042E-01,2.996620E+04,2.714370E+04,1.546559E+00,2.094237E+00,6.484479E+04,2.986401E+04,3.345933E+00,2.304459E+00,7.921465E+03,0.000000E+00,4.087545E-01,0.000000E+00,7.156522E+03,5.039351E+00,3.692825E-01,3.888838E-04,1.298013E+04,7.640482E+02,6.696645E-01,5.895035E-02
01:50:00,3.158212E+04,3.413236E+03,1.629957E+00,2.633353E-01,2.996628E+04,2.716093E+04,1.546563E+00,2.095558E+00,6.484492E+04,2.984499E+04,3.345939E+00,2.302987E+00,7.921467E+03,0.000000E+00,4.087546E-01,0.000000E+00,7.156530E+03,1.170149E+01,3.692830E-01,9.028549E-04,1.298015E+04,7.737218E+02,6.696656E-01,5.969686E-02
02:00:00,3.158214E+04,3.429154E+03,1.629958E+00,2.645634E-01,2.996635E+04,2.717792E+04,1.546567E+00,2.096863E+00,6.484505E+04,2.982666E+04,3.345946E+00,2.301570E+00,7.921469E+03,0.000000E+00,4.087547E-01,0.000000E+00,7.156539E+03,1.985119E+01,3.692834E-01,1.531589E-03,1.298017E+04,7.828302E+02,6.696667E-01,6.039975E-02
02:10:00,3.158216E+04,3.441027E+03,1.629959E+00,2.654794E-01,2.996643E+04,2.719401E+04,1.546571E+00,2.098099E+00,6.484518E+04,2.980714E+04,3.345953E+00,2.300062E+00,7.921471E+03,0.000000E+00,4.087548E-01,0.000000E+00,7.156547E+03,3.036360E+01,3.692838E-01,2.342603E-03,1.298019E+04,7.909725E+02,6.696677E-01,6.102810E-02
02:20:00,3.158218E+04,3.449509E+03,1.629960E+00,2.661337E-01,2.996650E+04,2.720932E+04,1.546574E+00,2.099276E+00,6.484530E+04,2.978695E+04,3.345959E+00,2.298503E+00,7.921472E+03,0.000000E+00,4.087549E-01,0.000000E+00,7.156555E+03,4.267025E+01,3.692843E-01,3.292042E-03,1.298021E+04,7.983523E+02,6.696687E-01,6.159760E-02
02:30:00,3.158220E+04,3.455157E+03,1.629961E+00,2.665694E-01,2.996657E+04,2.722396E+04,1.546578E+00,2.100402E+00,6.484542E+04,2.976638E+04,3.345965E+00,2.296915E+00,7.921474E+03,0.000000E+00,4.087550E-01,0.000000E+00,7.156563E+03,5.661020E+01,3.692847E-01,4.367489E-03,1.298023E+04,8.050915E+02,6.696697E-01,6.211766E-02
02:40:00,3.158222E+04,3.458453E+03,1.629962E+00,2.668236E-01,2.996664E+04,2.723802E+04,1.546581E+00,2.101484E+00,6.484554E+04,2.974561E+04,3.345971E+00,2.295312E+00,7.921476E+03,0.000000E+00,4.087551E-01,0.000000E+00,7.156571E+03,6.699828E+01,3.692851E-01,5.168810E-03,1.298025E+04,8.112739E+02,6.696707E-01,6.259475E-02
02:50:00,3.158223E+04,3.459810E+03,1.629963E+00,2.669282E-01,2.996670E+04,2.725158E+04,1.546585E+00,2.102528E+00,6.484565E+04,2.972492E+04,3.345977E+00,2.293715E+00,7.921478E+03,0.000000E+00,4.087552E-01,0.000000E+00,7.156579E+03,7.712769E+01,3.692855E-01,5.950286E-03,1.298027E+04,8.170242E+02,6.696716E-01,6.303850E-02
03:00:00,3.158225E+04,3.459584E+03,1.629964E+00,2.669107E-01,2.996677E+04,2.726473E+04,1.546588E+00,2.103541E+00,6.484576E+04,2.970452E+04,3.345983E+00,2.292140E+00,7.921479E+03,0.000000E+00,4.087552E-01,0.000000E+00,7.156586E+03,8.702477E+01,3.692859E-01,6.713841E-03,1.298029E+04,8.224216E+02,6.696726E-01,6.345502E-02
03:10:00,3.158227E+04,3.457142E+03,1.629964E+00,2.667223E-01,2.996683E+04,2.727670E+04,1.546591E+00,2.104463E+00,6.484587E+04,2.968231E+04,3.345988E+00,2.290427E+00,7.921481E+03,0.000000E+00,4.087553E-01,0.000000E+00,7.156594E+03,9.571751E+01,3.692863E-01,7.384484E-03,1.298030E+04,8.269846E+02,6.696735E-01,6.380715E-02
03:20:00,3.158228E+04,3.452719E+03,1.629965E+00,2.663809E-01,2.996689E+04,2.728754E+04,1.546595E+00,2.105298E+00,6.484598E+04,2.965851E+04,3.345994E+00,2.288591E+00,7.921482E+03,0.000000E+00,4.087554E-01,0.000000E+00,7.156601E+03,1.036873E+02,3.692866E-01,7.999356E-03,1.298032E+04,8.308002E+02,6.696743E-01,6.410160E-02
03:30:00,3.158230E+04,3.446519E+03,1.629966E+00,2.659025E-01,2.996696E+04,2.729730E+04,1.546598E+00,2.106051E+00,6.484608E+04,2.963324E+04,3.345999E+00,2.286640E+00,7.921484E+03,0.000000E+00,4.087555E-01,0.000000E+00,7.156608E+03,1.110162E+02,3.692870E-01,8.564783E-03,1.298034E+04,8.339178E+02,6.696752E-01,6.434219E-02
03:40:00,3.158231E+04,3.438729E+03,1.629967E+00,2.653014E-01,2.996702E+04,2.730604E+04,1.546601E+00,2.106723E+00,6.484618E+04,2.960654E+04,3.346004E+00,2.284580E+00,7.921485E+03,0.000000E+00,4.087555E-01,0.000000E+00,7.156616E+03,1.177780E+02,3.692874E-01,9.086452E-03,1.298035E+04,8.363737E+02,6.696760E-01,6.453171E-02
03:50:00,3.158233E+04,3.429512E+03,1.629967E+00,2.645902E-01,2.996707E+04,2.731378E+04,1.546604E+00,2.107321E+00,6.484628E+04,2.957853E+04,3.346010E+00,2.282419E+00,7.921487E+03,0.000000E+00,4.087556E-01,0.000000E+00,7.156623E+03,1.240294E+02,3.692877E-01,9.568759E-03,1.298037E+04,8.382233E+02,6.696768E-01,6.467446E-02
04:00:00,3.158234E+04,3.419011E+03,1.629968E+00,2.637800E-01,2.996713E+04,2.732059E+04,1.546607E+00,2.107845E+00,6.484638E+04,2.954929E+04,3.346015E+00,2.280163E+00,7.921488E+03,0.000000E+00,4.087557E-01,0.000000E+00,7.156630E+03,1.298181E+02,3.692881E-01,1.001536E-02,1.298039E+04,8.395027E+02,6.696776E-01,6.477320E-02
04:10:00,3.158235E+04,3.408248E+03,1.629969E+00,2.629495E-01,2.996719E+04,2.732730E+04,1.546610E+00,2.108363E+00,6.484648E+04,2.952103E+04,3.346020E+00,2.277982E+00,7.921489E+03,0.000000E+00,4.087558E-01,0.000000E+00,7.156636E+03,1.354872E+02,3.692885E-01,1.045273E-02,1.298040E+04,8.407711E+02,6.696784E-01,6.487108E-02
04:20:00,3.158237E+04,3.397269E+03,1.629969E+00,2.621024E-01,2.996724E+04,2.733390E+04,1.546613E+00,2.108872E+00,6.484657E+04,2.949375E+04,3.346024E+00,2.275877E+00,7.921491E+03,0.000000E+00,4.087558E-01,0.000000E+00,7.156643E+03,1.410659E+02,3.692888E-01,1.088314E-02,1.298042E+04,8.420634E+02,6.696792E-01,6.497081E-02
04:30:00,3.158238E+04,3.386282E+03,1.629970E+00,2.612546E-01,2.996730E+04,2.734050E+04,1.546616E+00,2.109381E+00,6.484666E+04,2.946755E+04,3.346029E+00,2.273855E+00,7.921492E+03,0.000000E+00,4.087559E-01,0.000000E+00,7.156650E+03,1.465890E+02,3.692891E-01,1.130925E-02,1.298043E+04,8.434122E+02,6.696799E-01,6.507489E-02
04:40:00,3.158239E+04,3.375424E+03,1.629971E+00,2.604168E-01,2.996735E+04,2.734718E+04,1.546618E+00,2.109895E+00,6.484675E+04,2.944249E+04,3.346034E+00,2.271921E+00,7.921493E+03,0.000000E+00,4.087560E-01,0.000000E+00,7.156656E+03,1.520831E+02,3.692895E-01,1.173313E-02,1.298044E+04,8.448374E+02,6.696806E-01,6.518488E-02
04:50:00,3.158240E+04,3.364801E+03,1.629971E+00,2.595972E-01,2.996741E+04,2.735397E+04,1.546621E+00,2.110420E+00,6.484684E+04,2.941865E+04,3.346038E+00,2.270082E+00,7.921494E+03,0.000000E+00,4.087560E-01,0.000000E+00,7.156663E+03,1.575710E+02,3.692898E-01,1.215653E-02,1.298046E+04,8.463721E+02,6.696813E-01,6.530331E-02
05:00:00,3.158242E+04,3.377190E+03,1.629972E+00,2.605529E-01,2.996746E+04,2.737386E+04,1.546624E+00,2.111954E+00,6.484693E+04,2.940541E+04,3.346043E+00,2.269060E+00,7.921496E+03,0.000000E+00,4.087561E-01,0.000000E+00,7.156669E+03,1.639452E+02,3.692901E-01,1.264831E-02,1.298047E+04,8.487717E+02,6.696820E-01,6.548848E-02
05:10:00,3.158243E+04,3.434853E+03,1.629973E+00,2.650016E-01,2.996751E+04,2.742082E+04,1.546626E+00,2.115577E+00,6.484701E+04,2.941570E+04,3.346047E+00,2.269854E+00,7.921497E+03,0.000000E+00,4.087561E-01,0.000000E+00,7.156675E+03,1.732352E+02,3.692904E-01,1.336504E-02,1.298048E+04,8.544597E+02,6.696827E-01,6.592737E-02
05:20:00,3.158244E+04,3.545968E+03,1.629973E+00,2.735744E-01,2.996756E+04,2.750037E+04,1.546629E+00,2.121715E+00,6.484709E+04,2.945203E+04,3.346051E+00,2.272659E+00,7.921498E+03,0.000000E+00,4.087562E-01,0.000000E+00,7.156681E+03,1.862175E+02,3.692908E-01,1.436664E-02,1.298050E+04,8.640188E+02,6.696834E-01,6.666498E-02
05:30:00,3.158245E+04,3.730502E+03,1.629974E+00,2.878118E-01,2.996761E+04,2.762482E+04,1.546631E+00,2.131317E+00,6.484717E+04,2.951575E+04,3.346055E+00,2.277578E+00,7.921499E+03,0.000000E+00,4.087563E-01,0.000000E+00,7.156687E+03,2.044758E+02,3.692911E-01,1.577531E-02,1.298051E+04,8.786426E+02,6.696840E-01,6.779341E-02
05:40:00,3.158246E+04,3.983209E+03,1.629974E+00,3.073091E-01,2.996765E+04,2.779243E+04,1.546634E+00,2.144248E+00,6.484725E+04,2.960912E+04,3.346060E+00,2.284787E+00,7.921500E+03,0.000000E+00,4.087563E-01,0.000000E+00,7.156693E+03,2.283956E+02,3.692914E-01,1.762078E-02,1.298052E+04,8.983626E+02,6.696847E-01,6.931510E-02
05:50:00,3.158247E+04,4.292551E+03,1.629975E+00,3.311761E-01,2.996770E+04,2.799792E+04,1.546636E+00,2.160103E+00,6.484733E+04,2.973113E+04,3.346064E+00,2.294207E+00,7.921501E+03,0.000000E+00,4.087564E-01,0.000000E+00,7.156699E+03,2.580017E+02,3.692917E-01,1.990499E-02,1.298053E+04,9.233243E+02,6.696853E-01,7.124128E-02
06:00:00,3.158248E+04,4.630039E+03,1.629976E+00,3.572150E-01,2.996775E+04,2.822553E+04,1.546639E+00,2.177665E+00,6.484740E+04,2.987219E+04,3.346067E+00,2.305096E+00,7.921503E+03,0.000000E+00,4.087564E-01,0.000000E+00,7.156704E+03,2.926408E+02,3.692920E-01,2.257752E-02,1.298055E+04,9.529936E+02,6.696859E-01,7.353076E-02
06:10:00,3.062437E+04,1.597704E+04,1.580527E+00,1.283809E+00,2.900916E+04,3.781991E+04,1.497166E+00,3.010576E+00,6.074154E+04,3.859197E+04,3.134209E+00,3.061355E+00,7.868275E+03,0.000000E+00,4.060098E-01,0.000000E+00,7.103453E+03,2.057625E+03,3.665441E-01,1.637651E-01,1.240281E+04,2.570503E+03,6.398795E-01,2.026143E-01
06:20:00,2.966490E+04,1.972787E+04,1.531012E+00,1.672343E+00,2.804914E+04,4.079821E+04,1.447622E+00,3.404411E+00,5.662563E+04,4.223405E+04,2.921866E+00,3.528639E+00,7.814894E+03,0.000000E+00,4.032559E-01,0.000000E+00,7.050030E+03,2.547547E+03,3.637881E-01,2.139389E-01,1.182339E+04,3.167750E+03,6.099948E-01,2.660925E-01
06:30:00,2.870574E+04,2.606442E+04,1.481513E+00,2.308757E+00,2.708949E+04,4.607209E+04,1.398098E+00,4.018807E+00,5.251294E+04,4.831211E+04,2.709695E+00,4.227753E+00,7.761568E+03,0.000000E+00,4.005050E-01,0.000000E+00,6.996673E+03,3.539392E+03,3.610355E-01,3.120611E-01,1.124457E+04,4.283852E+03,5.801422E-01,3.787142E-01
06:40:00,2.774612E+04,3.007775E+04,1.431991E+00,2.719097E+00,2.612939E+04,4.937083E+04,1.348552E+00,4.440727E+00,4.839825E+04,5.239171E+04,2.497427E+00,4.731762E+00,7.708217E+03,0.000000E+00,3.977528E-01,0.000000E+00,6.943293E+03,4.097631E+03,3.582818E-01,3.678701E-01,1.066551E+04,4.961428E+03,5.502780E-01,4.485122E-01
06:50:00,2.678618E+04,3.410864E+04,1.382455E+00,3.132254E+00,2.516900E+04,5.266917E+04,1.298991E+00,4.863415E+00,4.428246E+04,5.648655E+04,2.285106E+00,5.237748E+00,7.654856E+03,0.000000E+00,3.950001E-01,0.000000E+00,6.889904E+03,4.666282E+03,3.555276E-01,4.248227E-01,1.008635E+04,5.648149E+03,5.204089E-01,5.193047E-01
07:00:00,2.582598E+04,3.809254E+04,1.332905E+00,3.541829E+00,2.420836E+04,5.594211E+04,1.249419E+00,5.284407E+00,4.016579E+04,6.054755E+04,2.072745E+00,5.740937E+00,7.601486E+03,0.000000E+00,3.922470E-01,0.000000E+00,6.836509E+03,5.221669E+03,3.527731E-01,4.806122E-01,9.507110E+03,6.319185E+03,4.905364E-01,5.886700E-01
07:10:00,2.582367E+04,3.107375E+04,1.332793E+00,3.052440E+00,2.420614E+04,4.987516E+04,1.249310E+00,4.893321E+00,4.015433E+04,5.604515E+04,2.072212E+00,5.500699E+00,7.601340E+03,0.000000E+00,3.922403E-01,0.000000E+00,6.836365E+03,4.041238E+03,3.527665E-01,3.974299E-01,9.505563E+03,5.393048E+03,4.904682E-01,5.304001E-01
07:20:00,2.582250E+04,3.165710E+04,1.332738E+00,3.102784E+00,2.420514E+04,5.045161E+04,1.249263E+00,4.944724E+00,4.015232E+04,5.664661E+04,2.072135E+00,5.552482E+00,7.601340E+03,0.000000E+00,3.922406E-01,0.000000E+00,6.836388E+03,4.130799E+03,3.527679E-01,4.048597E-01,9.505647E+03,5.479534E+03,4.904759E-01,5.370718E-01
07:30:00,2.582084E+04,2.964493E+04,1.332657E+00,2.905788E+00,2.420359E+04,4.875096E+04,1.249188E+00,4.778358E+00,4.014658E+04,5.484310E+04,2.071861E+00,5.375976E+00,7.601281E+03,0.000000E+00,3.922378E-01,0.000000E+00,6.836340E+03,3.712794E+03,3.527656E-01,3.639160E-01,9.505092E+03,5.039625E+03,4.904496E-01,4.939707E-01
07:40:00,2.581948E+04,2.995382E+04,1.332591E+00,2.936048E+00,2.420233E+04,4.904768E+04,1.249127E+00,4.807580E+00,4.014241E+04,5.506870E+04,2.071665E+00,5.398122E+00,7.601243E+03,0.000000E+00,3.922360E-01,0.000000E+00,6.836311E+03,3.723142E+03,3.527642E-01,3.649062E-01,9.504741E+03,5.031380E+03,4.904332E-01,4.931307E-01
07:50:00,2.581828E+04,3.026260E+04,1.332533E+00,2.966347E+00,2.420120E+04,4.937924E+04,1.249072E+00,4.840227E+00,4.013896E+04,5.532265E+04,2.071502E+00,5.423082E+00,7.601212E+03,0.000000E+00,3.922345E-01,0.000000E+00,6.836287E+03,3.718408E+03,3.527631E-01,3.644305E-01,9.504466E+03,5.008118E+03,4.904202E-01,4.908329E-01
08:00:00,2.581722E+04,3.064620E+04,1.332482E+00,3.003980E+00,2.420020E+04,4.977788E+04,1.249023E+00,4.879410E+00,4.013607E+04,5.566042E+04,2.071365E+00,5.456245E+00,7.601185E+03,0.000000E+00,3.922332E-01,0.000000E+00,6.836267E+03,3.722516E+03,3.527621E-01,3.648237E-01,9.504238E+03,4.995144E+03,4.904092E-01,4.895483E-01
08:10:00,2.581627E+04,3.106551E+04,1.332436E+00,3.045110E+00,2.419929E+04,5.020922E+04,1.248979E+00,4.921761E+00,4.013363E+04,5.604785E+04,2.071249E+00,5.494261E+00,7.601162E+03,0.000000E+00,3.922321E-01,0.000000E+00,6.836248E+03,3.731288E+03,3.527612E-01,3.656762E-01,9.504046E+03,4.988878E+03,4.903998E-01,4.889254E-01
08:20:00,2.581543E+04,3.151569E+04,1.332395E+00,3.089261E+00,2.419847E+04,5.066961E+04,1.248939E+00,4.966932E+00,4.013155E+04,5.647685E+04,2.071150E+00,5.536338E+00,7.601141E+03,1.014959E+01,3.922311E-01,9.955017E-04,6.836231E+03,3.743830E+03,3.527603E-01,3.669001E-01,9.503880E+03,4.987645E+03,4.903916E-01,4.887987E-01
08:30:00,2.581468E+04,3.200451E+04,1.332359E+00,3.137195E+00,2.419773E+04,5.116646E+04,1.248903E+00,5.015662E+00,4.012977E+04,5.695433E+04,2.071065E+00,5.583161E+00,7.601123E+03,2.876609E+01,3.922301E-01,2.819531E-03,6.836214E+03,3.759924E+03,3.527595E-01,3.684734E-01,9.503734E+03,4.991167E+03,4.903844E-01,4.891400E-01
08:40:00,2.581402E+04,3.252507E+04,1.332326E+00,3.188241E+00,2.419706E+04,5.169505E+04,1.248870E+00,5.067495E+00,4.012825E+04,5.747387E+04,2.070991E+00,5.634102E+00,7.601106E+03,5.146088E+01,3.922293E-01,5.043172E-03,6.836199E+03,3.778698E+03,3.527587E-01,3.703103E-01,9.503606E+03,4.998574E+03,4.903780E-01,4.898632E-01
08:50:00,2.581342E+04,3.306613E+04,1.332297E+00,3.241293E+00,2.419645E+04,5.224674E+04,1.248840E+00,5.121586E+00,4.012695E+04,5.802408E+04,2.070928E+00,5.688048E+00,7.601091E+03,8.111703E+01,3.922285E-01,7.948904E-03,6.836184E+03,3.799502E+03,3.527580E-01,3.723468E-01,9.503491E+03,5.008880E+03,4.903722E-01,4.908714E-01
09:00:00,2.581289E+04,3.362260E+04,1.332272E+00,3.295856E+00,2.419589E+04,5.281672E+04,1.248813E+00,5.177469E+00,4.012582E+04,5.859990E+04,2.070874E+00,5.744502E+00,7.601077E+03,1.161925E+02,3.922278E-01,1.138566E-02,6.836170E+03,3.821870E+03,3.527572E-01,3.745372E-01,9.503388E+03,5.021541E+03,4.903670E-01,4.921110E-01
09:10:00,2.581242E+04,3.417686E+04,1.332249E+00,3.350200E+00,2.419539E+04,5.338676E+04,1.248788E+00,5.233354E+00,4.012485E+04,5.918216E+04,2.070826E+00,5.801587E+00,7.601064E+03,1.558237E+02,3.922272E-01,1.526882E-02,6.836156E+03,3.844321E+03,3.527565E-01,3.767360E-01,9.503294E+03,5.034905E+03,4.903622E-01,4.934198E-01
09:20:00,2.581200E+04,3.472549E+04,1.332228E+00,3.403991E+00,2.419493E+04,5.395410E+04,1.248766E+00,5.288973E+00,4.012400E+04,5.976596E+04,2.070785E+00,5.858822E+00,7.601052E+03,1.895662E+02,3.922265E-01,1.857400E-02,6.836143E+03,3.866520E+03,3.527559E-01,3.789105E-01,9.503209E+03,5.048443E+03,4.903579E-01,4.947459E-01
09:30:00,2.581163E+04,3.525523E+04,1.332210E+00,3.455929E+00,2.419451E+04,5.450712E+04,1.248745E+00,5.343187E+00,4.012326E+04,6.033785E+04,2.070748E+00,5.914887E+00,7.601040E+03,2.188103E+02,3.922260E-01,2.143952E-02,6.836129E+03,3.887588E+03,3.527552E-01,3.809742E-01,9.503131E+03,5.061125E+03,4.903539E-01,4.959884E-01
09:40:00,2.581130E+04,3.576909E+04,1.332194E+00,3.506309E+00,2.419413E+04,5.504763E+04,1.248727E+00,5.396172E+00,4.012261E+04,6.090153E+04,2.070716E+00,5.970145E+00,7.601030E+03,2.476530E+02,3.922255E-01,2.426574E-02,6.836117E+03,3.907504E+03,3.527545E-01,3.829253E-01,9.503059E+03,5.073055E+03,4.903502E-01,4.971573E-01
09:50:00,2.581100E+04,3.626831E+04,1.332179E+00,3.555252E+00,2.419378E+04,5.557599E+04,1.248709E+00,5.447966E+00,4.012203E+04,6.145532E+04,2.070688E+00,6.024434E+00,7.601021E+03,2.729344E+02,3.922250E-01,2.674303E-02,6.836104E+03,3.926187E+03,3.527539E-01,3.847558E-01,9.502993E+03,5.084049E+03,4.903468E-01,4.982345E-01
10:00:00,2.581073E+04,3.675185E+04,1.332166E+00,3.602657E+00,2.419346E+04,5.609143E+04,1.248693E+00,5.498492E+00,4.012152E+04,6.199711E+04,2.070662E+00,6.077545E+00,7.601012E+03,2.959012E+02,3.922245E-01,2.899354E-02,6.836092E+03,3.943475E+03,3.527532E-01,3.864495E-01,9.502931E+03,5.093872E+03,4.903436E-01,4.991970E-01
10:10:00,2.581050E+04,3.721899E+04,1.332155E+00,3.648454E+00,2.419316E+04,5.659302E+04,1.248679E+00,5.547660E+00,4.012106E+04,6.252582E+04,2.070639E+00,6.129374E+00,7.601004E+03,3.165740E+02,3.922241E-01,3.101928E-02,6.836079E+03,3.959221E+03,3.527526E-01,3.879922E-01,9.502873E+03,5.102370E+03,4.903406E-01,5.000296E-01
10:20:00,2.581028E+04,3.766876E+04,1.332144E+00,3.692548E+00,2.419289E+04,5.707970E+04,1.248665E+00,5.595366E+00,4.012064E+04,6.303940E+04,2.070618E+00,6.179720E+00,7.600996E+03,3.349770E+02,3.922237E-01,3.282261E-02,6.836068E+03,3.973297E+03,3.527520E-01,3.893713E-01,9.502819E+03,5.109367E+03,4.903379E-01,5.007152E-01
10:30:00,2.581009E+04,3.810066E+04,1.332135E+00,3.734890E+00,2.419263E+04,5.755046E+04,1.248652E+00,5.641512E+00,4.012027E+04,6.353647E+04,2.070599E+00,6.228446E+00,7.600989E+03,3.511005E+02,3.922233E-01,3.440257E-02,6.836056E+03,3.985605E+03,3.527514E-01,3.905772E-01,9.502769E+03,5.114747E+03,4.903353E-01,5.012423E-01
10:40:00,2.580993E+04,3.851418E+04,1.332127E+00,3.775430E+00,2.419240E+04,5.800436E+04,1.248641E+00,5.686006E+00,4.011992E+04,6.401617E+04,2.070582E+00,6.275469E+00,7.600982E+03,3.650145E+02,3.922230E-01,3.576603E-02,6.836044E+03,3.996094E+03,3.527508E-01,3.916050E-01,9.502721E+03,5.118444E+03,4.903328E-01,5.016045E-01
10:50:00,2.580977E+04,3.890958E+04,1.332119E+00,3.814193E+00,2.419218E+04,5.844103E+04,1.248630E+00,5.728809E+00,4.011961E+04,6.447766E+04,2.070566E+00,6.320707E+00,7.600976E+03,3.767819E+02,3.922227E-01,3.691914E-02,6.836033E+03,4.004703E+03,3.527502E-01,3.924484E-01,9.502676E+03,5.120388E+03,4.903305E-01,5.017949E-01
11:00:00,2.580964E+04,3.928686E+04,1.332113E+00,3.851181E+00,2.419198E+04,5.886009E+04,1.248620E+00,5.769887E+00,4.011932E+04,6.492018E+04,2.070552E+00,6.364086E+00,7.600970E+03,3.865517E+02,3.922224E-01,3.787650E-02,6.836022E+03,4.011497E+03,3.527497E-01,3.931140E-01,9.502634E+03,5.120637E+03,4.903283E-01,5.018192E-01
11:10:00,2.580951E+04,3.963922E+04,1.332106E+00,3.885724E+00,2.419179E+04,5.925411E+04,1.248610E+00,5.808509E+00,4.011905E+04,6.533573E+04,2.070538E+00,6.404821E+00,7.600965E+03,3.943511E+02,3.922221E-01,3.864077E-02,6.836011E+03,4.016223E+03,3.527491E-01,3.935770E-01,9.502594E+03,5.118829E+03,4.903263E-01,5.016419E-01
11:20:00,2.580940E+04,3.997456E+04,1.332101E+00,3.918598E+00,2.419161E+04,5.963032E+04,1.248602E+00,5.845386E+00,4.011880E+04,6.573174E+04,2.070525E+00,6.443639E+00,7.600960E+03,4.018165E+02,3.922218E-01,3.937229E-02,6.836000E+03,4.020099E+03,3.527485E-01,3.939567E-01,9.502556E+03,5.116301E+03,4.903243E-01,5.013940E-01
11:30:00,2.580930E+04,4.029591E+04,1.332096E+00,3.950101E+00,2.419145E+04,5.999232E+04,1.248593E+00,5.880869E+00,4.011856E+04,6.611127E+04,2.070513E+00,6.480842E+00,7.600955E+03,4.097660E+02,3.922216E-01,4.015126E-02,6.835989E+03,4.023789E+03,3.527480E-01,3.943182E-01,9.502520E+03,5.113686E+03,4.903224E-01,5.011377E-01
11:40:00,2.580921E+04,4.060465E+04,1.332092E+00,3.980370E+00,2.419129E+04,6.034218E+04,1.248585E+00,5.915162E+00,4.011834E+04,6.647575E+04,2.070502E+00,6.516570E+00,7.600951E+03,4.186209E+02,3.922214E-01,4.101895E-02,6.835979E+03,4.027746E+03,3.527474E-01,3.947058E-01,9.502485E+03,5.111382E+03,4.903206E-01,5.009119E-01
11:50:00,2.580913E+04,4.090157E+04,1.332088E+00,4.009478E+00,2.419114E+04,6.068126E+04,1.248578E+00,5.948400E+00,4.011813E+04,6.682728E+04,2.070491E+00,6.551028E+00,7.600947E+03,4.287236E+02,3.922212E-01,4.200890E-02,6.835969E+03,4.032376E+03,3.527469E-01,3.951595E-01,9.502452E+03,5.109903E+03,4.903189E-01,5.007669E-01
12:00:00,2.580906E+04,4.118686E+04,1.332084E+00,4.037448E+00,2.419101E+04,6.101032E+04,1.248571E+00,5.980655E+00,4.011793E+04,6.716708E+04,2.070481E+00,6.584337E+00,7.600943E+03,4.402897E+02,3.922210E-01,4.314227E-02,6.835959E+03,4.037939E+03,3.527464E-01,3.957046E-01,9.502421E+03,5.109567E+03,4.903173E-01,5.007339E-01
12:10:00,2.580899E+04,4.146741E+04,1.332081E+00,4.064953E+00,2.419087E+04,6.133708E+04,1.248564E+00,6.012684E+00,4.011774E+04,6.750334E+04,2.070471E+00,6.617299E+00,7.600939E+03,4.536894E+02,3.922208E-01,4.445532E-02,6.835949E+03,4.045045E+03,3.527459E-01,3.964010E-01,9.502390E+03,5.111047E+03,4.903158E-01,5.008790E-01
12:20:00,2.580893E+04,4.173596E+04,1.332078E+00,4.091282E+00,2.419075E+04,6.165460E+04,1.248558E+00,6.043808E+00,4.011756E+04,6.782931E+04,2.070462E+00,6.649252E+00,7.600936E+03,4.676248E+02,3.922206E-01,4.582087E-02,6.835939E+03,4.052807E+03,3.527454E-01,3.971617E-01,9.502361E+03,5.113425E+03,4.903143E-01,5.011121E-01
12:30:00,2.580887E+04,4.198999E+04,1.332075E+00,4.116188E+00,2.419063E+04,6.195973E+04,1.248552E+00,6.073718E+00,4.011739E+04,6.814258E+04,2.070453E+00,6.679960E+00,7.600932E+03,4.816092E+02,3.922204E-01,4.719124E-02,6.835929E+03,4.060858E+03,3.527449E-01,3.979507E-01,9.502333E+03,5.116393E+03,4.903128E-01,5.014031E-01
12:40:00,2.580882E+04,4.222869E+04,1.332072E+00,4.139590E+00,2.419052E+04,6.225086E+04,1.248546E+00,6.102255E+00,4.011722E+04,6.844214E+04,2.070444E+00,6.709324E+00,7.600929E+03,4.954578E+02,3.922203E-01,4.854830E-02,6.835920E+03,4.069003E+03,3.527444E-01,3.987490E-01,9.502307E+03,5.119808E+03,4.903114E-01,5.017378E-01
12:50:00,2.580878E+04,4.245145E+04,1.332070E+00,4.161430E+00,2.419041E+04,6.252668E+04,1.248541E+00,6.129291E+00,4.011706E+04,6.872606E+04,2.070436E+00,6.737156E+00,7.600927E+03,5.090610E+02,3.922201E-01,4.988132E-02,6.835911E+03,4.077111E+03,3.527439E-01,3.995435E-01,9.502281E+03,5.123473E+03,4.903101E-01,5.020970E-01
13:00:00,2.580873E+04,4.265792E+04,1.332068E+00,4.181672E+00,2.419030E+04,6.278608E+04,1.248536E+00,6.154718E+00,4.011690E+04,6.899309E+04,2.070428E+00,6.763331E+00,7.600924E+03,5.223627E+02,3.922200E-01,5.118479E-02,6.835902E+03,4.085095E+03,3.527434E-01,4.003260E-01,9.502256E+03,5.127253E+03,4.903088E-01,5.024675E-01
13:10:00,2.580869E+04,4.284424E+04,1.332066E+00,4.199938E+00,2.419021E+04,6.302450E+04,1.248530E+00,6.178087E+00,4.011676E+04,6.923850E+04,2.070420E+00,6.787386E+00,7.600921E+03,5.349649E+02,3.922199E-01,5.241972E-02,6.835893E+03,4.092558E+03,3.527430E-01,4.010573E-01,9.502232E+03,5.130727E+03,4.903076E-01,5.028080E-01
13:20:00,2.580866E+04,4.301000E+04,1.332064E+00,4.216188E+00,2.419011E+04,6.324080E+04,1.248526E+00,6.199288E+00,4.011661E+04,6.946087E+04,2.070413E+00,6.809183E+00,7.600919E+03,5.467601E+02,3.922197E-01,5.357557E-02,6.835884E+03,4.099421E+03,3.527425E-01,4.017299E-01,9.502208E+03,5.133819E+03,4.903064E-01,5.031110E-01
13:30:00,2.580862E+04,4.315468E+04,1.332062E+00,4.230371E+00,2.419002E+04,6.343405E+04,1.248521E+00,6.218229E+00,4.011647E+04,6.965916E+04,2.070406E+00,6.828620E+00,7.600917E+03,5.576705E+02,3.922196E-01,5.464471E-02,6.835875E+03,4.105595E+03,3.527421E-01,4.023350E-01,9.502186E+03,5.136408E+03,4.903052E-01,5.033648E-01
13:40:00,2.580859E+04,4.327780E+04,1.332061E+00,4.242440E+00,2.418993E+04,6.360339E+04,1.248516E+00,6.234827E+00,4.011633E+04,6.983261E+04,2.070399E+00,6.845620E+00,7.600914E+03,5.676284E+02,3.922195E-01,5.562051E-02,6.835866E+03,4.110997E+03,3.527416E-01,4.028644E-01,9.502164E+03,5.138395E+03,4.903041E-01,5.035595E-01
13:50:00,2.580856E+04,4.338803E+04,1.332059E+00,4.253244E+00,2.418984E+04,6.375721E+04,1.248512E+00,6.249903E+00,4.011620E+04,6.998984E+04,2.070392E+00,6.861030E+00,7.600912E+03,5.783641E+02,3.922194E-01,5.667252E-02,6.835858E+03,4.116805E+03,3.527412E-01,4.034335E-01,9.502142E+03,5.141061E+03,4.903030E-01,5.038207E-01
14:00:00,2.580854E+04,4.348969E+04,1.332058E+00,4.263209E+00,2.418976E+04,6.389985E+04,1.248508E+00,6.263883E+00,4.011607E+04,7.013476E+04,2.070385E+00,6.875234E+00,7.600910E+03,5.907050E+02,3.922193E-01,5.788182E-02,6.835850E+03,4.123617E+03,3.527408E-01,4.041010E-01,9.502122E+03,5.145021E+03,4.903019E-01,5.042089E-01
14:10:00,2.580851E+04,4.357755E+04,1.332057E+00,4.271820E+00,2.418968E+04,6.402644E+04,1.248504E+00,6.276290E+00,4.011595E+04,7.026126E+04,2.070379E+00,6.887633E+00,7.600908E+03,6.044977E+02,3.922192E-01,5.923341E-02,6.835842E+03,4.131275E+03,3.527404E-01,4.048515E-01,9.502102E+03,5.149959E+03,4.903009E-01,5.046928E-01
14:20:00,2.580849E+04,4.365266E+04,1.332055E+00,4.279183E+00,2.418961E+04,6.413883E+04,1.248500E+00,6.287306E+00,4.011583E+04,7.037192E+04,2.070372E+00,6.898480E+00,7.600907E+03,6.200075E+02,3.922191E-01,6.075327E-02,6.835834E+03,4.140051E+03,3.527399E-01,4.057116E-01,9.502082E+03,5.156218E+03,4.902998E-01,5.053062E-01
14:30:00,2.580846E+04,4.371565E+04,1.332054E+00,4.285356E+00,2.418953E+04,6.423810E+04,1.248496E+00,6.297034E+00,4.011571E+04,7.046806E+04,2.070366E+00,6.907902E+00,7.600905E+03,6.374058E+02,3.922190E-01,6.245819E-02,6.835826E+03,4.150192E+03,3.527395E-01,4.067054E-01,9.502063E+03,5.164082E+03,4.902989E-01,5.060770E-01
14:40:00,2.580844E+04,4.376692E+04,1.332053E+00,4.290382E+00,2.418946E+04,6.432501E+04,1.248492E+00,6.305552E+00,4.011559E+04,7.055036E+04,2.070360E+00,6.915968E+00,7.600903E+03,6.568120E+02,3.922189E-01,6.435989E-02,6.835818E+03,4.161909E+03,3.527391E-01,4.078536E-01,9.502045E+03,5.173746E+03,4.902979E-01,5.070241E-01
14:50:00,2.580842E+04,4.379783E+04,1.332052E+00,4.293410E+00,2.418939E+04,6.439112E+04,1.248489E+00,6.312031E+00,4.011548E+04,7.061053E+04,2.070355E+00,6.921865E+00,7.600901E+03,6.764889E+02,3.922188E-01,6.628814E-02,6.835810E+03,4.174107E+03,3.527387E-01,4.090491E-01,9.502027E+03,5.184070E+03,4.902970E-01,5.080360E-01
15:00:00,2.580840E+04,4.380396E+04,1.332051E+00,4.294010E+00,2.418932E+04,6.443200E+04,1.248485E+00,6.316036E+00,4.011537E+04,7.064481E+04,2.070349E+00,6.925223E+00,7.600900E+03,6.955608E+02,3.922187E-01,6.815711E-02,6.835803E+03,4.186240E+03,3.527384E-01,4.102381E-01,9.502009E+03,5.194512E+03,4.902961E-01,5.090593E-01
15:10:00,2.580838E+04,4.377970E+04,1.332050E+00,4.291631E+00,2.418925E+04,6.444143E+04,1.248482E+00,6.316958E+00,4.011526E+04,7.064727E+04,2.070343E+00,6.925462E+00,7.600898E+03,7.133134E+02,3.922187E-01,6.989680E-02,6.835795E+03,4.197692E+03,3.527380E-01,4.113604E-01,9.501992E+03,5.204429E+03,4.902952E-01,5.100313E-01
15:20:00,2.580837E+04,4.372390E+04,1.332049E+00,4.286158E+00,2.418919E+04,6.441764E+04,1.248478E+00,6.314623E+00,4.011516E+04,7.061555E+04,2.070338E+00,6.922350E+00,7.600897E+03,7.294089E+02,3.922186E-01,7.147411E-02,6.835788E+03,4.208179E+03,3.527376E-01,4.123881E-01,9.501975E+03,5.213454E+03,4.902943E-01,5.109157E-01
15:30:00,2.580835E+04,4.363555E+04,1.332049E+00,4.277494E+00,2.418912E+04,6.435907E+04,1.248475E+00,6.308879E+00,4.011505E+04,7.054801E+04,2.070333E+00,6.915725E+00,7.600895E+03,7.435490E+02,3.922185E-01,7.285978E-02,6.835781E+03,4.217435E+03,3.527372E-01,4.132951E-01,9.501959E+03,5.221290E+03,4.902935E-01,5.116837E-01
15:40:00,2.580834E+04,4.351387E+04,1.332048E+00,4.265561E+00,2.418906E+04,6.426442E+04,1.248472E+00,6.299597E+00,4.011495E+04,7.044355E+04,2.070327E+00,6.905481E+00,7.600894E+03,7.554630E+02,3.922184E-01,7.402729E-02,6.835774E+03,4.225201E+03,3.527369E-01,4.140561E-01,9.501943E+03,5.227693E+03,4.902927E-01,5.123111E-01
15:50:00,2.580832E+04,4.335822E+04,1.332047E+00,4.250297E+00,2.418900E+04,6.413261E+04,1.248469E+00,6.286671E+00,4.011485E+04,7.030049E+04,2.070322E+00,6.891453E+00,7.600893E+03,7.648974E+02,3.922184E-01,7.495181E-02,6.835767E+03,4.231225E+03,3.527365E-01,4.146463E-01,9.501927E+03,5.232321E+03,4.902919E-01,5.127645E-01
16:00:00,2.580831E+04,4.316813E+04,1.332046E+00,4.231656E+00,2.418894E+04,6.396274E+04,1.248466E+00,6.270016E+00,4.011476E+04,7.011776E+04,2.070317E+00,6.873536E+00,7.600891E+03,7.716104E+02,3.922183E-01,7.560963E-02,6.835760E+03,4.235256E+03,3.527362E-01,4.150413E-01,9.501912E+03,5.234894E+03,4.902911E-01,5.130167E-01
16:10:00,2.580829E+04,4.295716E+04,1.332045E+00,4.210968E+00,2.418888E+04,6.376853E+04,1.248463E+00,6.250974E+00,4.011467E+04,6.991055E+04,2.070313E+00,6.853219E+00,7.600890E+03,7.764819E+02,3.922182E-01,7.608697E-02,6.835754E+03,4.238149E+03,3.527358E-01,4.153247E-01,9.501897E+03,5.236496E+03,4.902903E-01,5.131735E-01
16:20:00,2.580828E+04,4.272512E+04,1.332045E+00,4.188214E+00,2.418883E+04,6.354957E+04,1.248460E+00,6.229506E+00,4.011457E+04,6.967802E+04,2.070308E+00,6.830421E+00,7.600889E+03,7.792647E+02,3.922182E-01,7.635962E-02,6.835747E+03,4.239651E+03,3.527355E-01,4.154718E-01,9.501883E+03,5.236796E+03,4.902896E-01,5.132028E-01
16:30:00,2.580826E+04,4.246236E+04,1.332044E+00,4.162448E+00,2.418877E+04,6.329617E+04,1.248457E+00,6.204664E+00,4.011448E+04,6.940954E+04,2.070303E+00,6.804099E+00,7.600887E+03,7.789489E+02,3.922181E-01,7.632863E-02,6.835740E+03,4.238945E+03,3.527351E-01,4.154025E-01,9.501869E+03,5.234884E+03,4.902888E-01,5.130153E-01
16:40:00,2.580825E+04,4.217423E+04,1.332043E+00,4.134196E+00,2.418872E+04,6.301325E+04,1.248454E+00,6.176927E+00,4.011440E+04,6.911178E+04,2.070299E+00,6.774906E+00,7.600886E+03,7.757156E+02,3.922180E-01,7.601172E-02,6.835734E+03,4.236053E+03,3.527348E-01,4.151189E-01,9.501855E+03,5.230887E+03,4.902881E-01,5.126235E-01
16:50:00,2.580824E+04,4.186465E+04,1.332043E+00,4.103838E+00,2.418866E+04,6.270424E+04,1.248451E+00,6.146633E+00,4.011431E+04,6.878751E+04,2.070294E+00,6.743116E+00,7.600885E+03,7.695748E+02,3.922180E-01,7.540989E-02,6.835728E+03,4.230878E+03,3.527345E-01,4.146116E-01,9.501842E+03,5.224628E+03,4.902874E-01,5.120099E-01
17:00:00,2.580823E+04,4.153541E+04,1.332042E+00,4.071554E+00,2.418861E+04,6.237119E+04,1.248449E+00,6.113982E+00,4.011423E+04,6.843795E+04,2.070290E+00,6.708845E+00,7.600884E+03,7.603888E+02,3.922179E-01,7.450963E-02,6.835722E+03,4.223250E+03,3.527342E-01,4.138640E-01,9.501828E+03,5.215884E+03,4.902868E-01,5.111529E-01
17:10:00,2.580821E+04,4.119069E+04,1.332042E+00,4.037752E+00,2.418856E+04,6.201814E+04,1.248446E+00,6.079372E+00,4.011414E+04,6.806691E+04,2.070286E+00,6.672470E+00,7.600883E+03,7.479925E+02,3.922179E-01,7.329477E-02,6.835716E+03,4.212989E+03,3.527339E-01,4.128582E-01,9.501815E+03,5.204465E+03,4.902861E-01,5.100337E-01
17:20:00,2.580820E+04,4.083620E+04,1.332041E+00,4.002993E+00,2.418851E+04,6.165093E+04,1.248444E+00,6.043373E+00,4.011406E+04,6.768065E+04,2.070282E+00,6.634603E+00,7.600882E+03,7.322839E+02,3.922178E-01,7.175534E-02,6.835710E+03,4.199952E+03,3.527335E-01,4.115804E-01,9.501803E+03,5.190175E+03,4.902854E-01,5.086330E-01
17:30:00,2.580819E+04,4.048361E+04,1.332040E+00,3.968420E+00,2.418846E+04,6.128159E+04,1.248441E+00,6.007166E+00,4.011398E+04,6.729169E+04,2.070277E+00,6.596471E+00,7.600880E+03,7.139736E+02,3.922177E-01,6.996095E-02,6.835704E+03,4.184596E+03,3.527332E-01,4.100754E-01,9.501790E+03,5.173514E+03,4.902848E-01,5.070001E-01
17:40:00,2.580818E+04,4.012809E+04,1.332040E+00,3.933561E+00,2.418841E+04,6.090636E+04,1.248439E+00,5.970383E+00,4.011391E+04,6.689401E+04,2.070273E+00,6.557485E+00,7.600879E+03,6.926096E+02,3.922177E-01,6.786733E-02,6.835698E+03,4.166572E+03,3.527329E-01,4.083090E-01,9.501778E+03,5.154041E+03,4.902842E-01,5.050916E-01
17:50:00,2.580817E+04,3.976624E+04,1.332039E+00,3.898083E+00,2.418837E+04,6.052279E+04,1.248436E+00,5.932782E+00,4.011383E+04,6.648646E+04,2.070270E+00,6.517533E+00,7.600878E+03,6.679793E+02,3.922176E-01,6.545364E-02,6.835692E+03,4.145713E+03,3.527326E-01,4.062647E-01,9.501767E+03,5.131511E+03,4.902836E-01,5.028834E-01
18:00:00,2.580816E+04,3.939791E+04,1.332039E+00,3.861969E+00,2.418832E+04,6.013082E+04,1.248434E+00,5.894358E+00,4.011376E+04,6.607023E+04,2.070266E+00,6.476729E+00,7.600877E+03,6.400144E+02,3.922176E-01,6.271321E-02,6.835687E+03,4.121891E+03,3.527324E-01,4.039299E-01,9.501755E+03,5.105841E+03,4.902830E-01,5.003676E-01
18:10:00,2.676627E+04,3.901304E+04,1.381490E+00,3.824235E+00,2.514691E+04,5.972032E+04,1.297909E+00,5.854117E+00,4.421962E+04,6.563413E+04,2.282169E+00,6.433977E+00,7.654105E+03,6.078916E+02,3.949642E-01,5.956534E-02,6.888939E+03,4.094242E+03,3.554802E-01,4.012202E-01,1.007949E+04,5.075972E+03,5.200939E-01,4.974402E-01
18:20:00,2.772484E+04,3.860790E+04,1.430963E+00,3.784514E+00,2.610598E+04,5.928769E+04,1.347409E+00,5.811707E+00,4.832989E+04,6.517456E+04,2.494275E+00,6.388925E+00,7.707483E+03,5.715551E+02,3.977180E-01,5.600460E-02,6.942359E+03,4.062670E+03,3.582362E-01,3.981260E-01,1.065868E+04,5.041757E+03,5.499696E-01,4.940869E-01
18:30:00,2.868365E+04,3.818137E+04,1.480448E+00,3.742695E+00,2.706526E+04,5.883165E+04,1.396918E+00,5.767001E+00,5.244098E+04,6.469049E+04,2.706407E+00,6.341470E+00,7.760808E+03,5.309783E+02,4.004689E-01,5.202839E-02,6.995715E+03,4.027107E+03,3.609887E-01,3.946408E-01,1.123747E+04,5.003106E+03,5.798224E-01,4.902988E-01
18:40:00,2.964297E+04,3.772027E+04,1.529958E+00,3.697488E+00,2.802504E+04,5.834023E+04,1.446451E+00,5.718827E+00,5.655487E+04,6.416913E+04,2.918664E+00,6.290359E+00,7.814158E+03,4.848291E+02,4.032211E-01,4.750617E-02,7.049094E+03,3.986546E+03,3.637424E-01,3.906657E-01,1.181651E+04,4.958875E+03,6.096870E-01,4.859639E-01
18:50:00,3.060272E+04,3.722885E+04,1.579487E+00,3.649307E+00,2.898522E+04,5.781668E+04,1.496004E+00,5.667503E+00,6.067067E+04,6.361450E+04,3.131001E+00,6.235986E+00,7.867519E+03,4.337946E+02,4.059738E-01,4.250530E-02,7.102483E+03,3.941386E+03,3.664966E-01,3.862399E-01,1.239568E+04,4.909562E+03,6.395570E-01,4.811310E-01
19:00:00,3.156283E+04,3.670792E+04,1.629034E+00,3.598233E+00,2.994575E+04,5.726082E+04,1.545572E+00,5.613011E+00,6.478779E+04,6.302605E+04,3.343393E+00,6.178297E+00,7.920888E+03,3.783880E+02,4.087269E-01,3.707606E-02,7.155878E+03,3.891917E+03,3.692511E-01,3.813918E-01,1.297494E+04,4.855410E+03,6.694305E-01,4.758237E-01
19:10:00,3.156513E+04,3.618472E+04,1.629144E+00,3.546936E+00,2.994794E+04,5.670030E+04,1.545677E+00,5.558062E+00,6.479989E+04,6.243408E+04,3.343917E+00,6.120263E+00,7.921034E+03,3.213029E+02,4.087335E-01,3.148241E-02,7.156021E+03,3.840754E+03,3.692576E-01,3.763777E-01,1.297650E+04,4.799541E+03,6.694951E-01,4.703482E-01
19:20:00,3.156724E+04,3.564058E+04,1.629244E+00,3.493588E+00,2.994991E+04,5.611867E+04,1.545771E+00,5.501045E+00,6.480823E+04,6.182015E+04,3.344267E+00,6.060078E+00,7.921036E+03,2.612499E+02,4.087333E-01,2.559803E-02,7.156000E+03,3.787009E+03,3.692563E-01,3.711106E-01,1.297666E+04,4.740895E+03,6.694969E-01,4.646006E-01
19:30:00,3.156932E+04,3.507754E+04,1.629343E+00,3.438387E+00,2.995189E+04,5.551662E+04,1.545866E+00,5.442026E+00,6.481628E+04,6.118724E+04,3.344614E+00,5.998032E+00,7.921095E+03,1.990267E+02,4.087361E-01,1.950109E-02,7.156049E+03,3.731181E+03,3.692587E-01,3.656394E-01,1.297726E+04,4.680140E+03,6.695234E-01,4.586464E-01
19:40:00,3.157109E+04,3.450865E+04,1.629427E+00,3.382612E+00,2.995358E+04,5.490567E+04,1.545946E+00,5.382136E+00,6.482194E+04,6.054867E+04,3.344856E+00,5.935432E+00,7.921133E+03,1.403401E+02,4.087379E-01,1.375077E-02,7.156077E+03,3.674623E+03,3.692600E-01,3.600967E-01,1.297763E+04,4.618805E+03,6.695398E-01,4.526354E-01
19:50:00,3.157260E+04,3.394045E+04,1.629499E+00,3.326906E+00,2.995502E+04,5.429190E+04,1.546015E+00,5.321969E+00,6.482600E+04,5.990774E+04,3.345032E+00,5.872601E+00,7.921164E+03,9.188779E+01,4.087394E-01,9.003272E-03,7.156101E+03,3.617911E+03,3.692611E-01,3.545389E-01,1.297791E+04,4.557403E+03,6.695521E-01,4.466177E-01
20:00:00,3.157390E+04,3.337873E+04,1.629561E+00,3.271833E+00,2.995628E+04,5.368116E+04,1.546075E+00,5.262100E+00,6.482901E+04,5.926908E+04,3.345165E+00,5.809992E+00,7.921191E+03,5.363970E+01,4.087406E-01,5.255650E-03,7.156121E+03,3.561695E+03,3.692621E-01,3.490298E-01,1.297812E+04,4.496563E+03,6.695623E-01,4.406553E-01
20:10:00,3.157502E+04,3.283385E+04,1.629614E+00,3.218413E+00,2.995737E+04,5.308182E+04,1.546127E+00,5.203349E+00,6.483132E+04,5.864078E+04,3.345269E+00,5.748401E+00,7.921214E+03,2.472185E+01,4.087417E-01,2.422248E-03,7.156140E+03,3.506430E+03,3.692630E-01,3.436140E-01,1.297830E+04,4.436696E+03,6.695710E-01,4.347882E-01
20:20:00,3.157598E+04,3.233269E+04,1.629660E+00,3.169279E+00,2.995832E+04,5.251770E+04,1.546172E+00,5.148052E+00,6.483314E+04,5.804900E+04,3.345353E+00,5.690389E+00,7.921235E+03,6.940670E+00,4.087428E-01,6.800420E-04,7.156157E+03,3.453948E+03,3.692639E-01,3.384708E-01,1.297846E+04,4.379947E+03,6.695788E-01,4.292268E-01
20:30:00,3.157680E+04,3.187760E+04,1.629699E+00,3.124661E+00,2.995915E+04,5.199326E+04,1.546212E+00,5.096645E+00,6.483459E+04,5.749521E+04,3.345422E+00,5.636104E+00,7.921254E+03,0.000000E+00,4.087437E-01,0.000000E+00,7.156174E+03,3.404521E+03,3.692647E-01,3.336271E-01,1.297860E+04,4.326431E+03,6.695857E-01,4.239823E-01
20:40:00,3.157751E+04,3.147229E+04,1.629733E+00,3.084925E+00,2.995988E+04,5.151299E+04,1.546247E+00,5.049570E+00,6.483577E+04,5.698234E+04,3.345478E+00,5.585830E+00,7.921271E+03,0.000000E+00,4.087446E-01,0.000000E+00,7.156189E+03,3.358472E+03,3.692655E-01,3.291145E-01,1.297872E+04,4.276370E+03,6.695919E-01,4.190763E-01
20:50:00,3.157813E+04,3.110908E+04,1.629763E+00,3.049318E+00,2.996052E+04,5.107122E+04,1.546278E+00,5.006269E+00,6.483673E+04,5.650827E+04,3.345524E+00,5.539361E+00,7.921287E+03,0.000000E+00,4.087454E-01,0.000000E+00,7.156205E+03,3.315437E+03,3.692662E-01,3.248972E-01,1.297883E+04,4.229564E+03,6.695976E-01,4.144893E-01
21:00:00,3.157866E+04,3.078340E+04,1.629788E+00,3.017392E+00,2.996108E+04,5.066490E+04,1.546305E+00,4.966444E+00,6.483754E+04,5.607174E+04,3.345563E+00,5.496572E+00,7.921302E+03,0.000000E+00,4.087461E-01,0.000000E+00,7.156220E+03,3.275170E+03,3.692670E-01,3.209513E-01,1.297893E+04,4.185836E+03,6.696027E-01,4.102042E-01
21:10:00,3.157911E+04,3.047413E+04,1.629810E+00,2.987075E+00,2.996158E+04,5.027555E+04,1.546329E+00,4.928281E+00,6.483821E+04,5.565319E+04,3.345597E+00,5.455546E+00,7.921316E+03,0.000000E+00,4.087468E-01,0.000000E+00,7.156234E+03,3.236548E+03,3.692677E-01,3.171665E-01,1.297902E+04,4.143887E+03,6.696074E-01,4.060933E-01
21:20:00,3.157950E+04,3.017377E+04,1.629829E+00,2.957630E+00,2.996202E+04,4.989723E+04,1.546351E+00,4.891199E+00,6.483880E+04,5.524743E+04,3.345626E+00,5.415773E+00,7.921328E+03,0.000000E+00,4.087475E-01,0.000000E+00,7.156248E+03,3.199257E+03,3.692685E-01,3.135123E-01,1.297911E+04,4.103400E+03,6.696117E-01,4.021257E-01
21:30:00,3.157984E+04,2.987987E+04,1.629845E+00,2.928820E+00,2.996241E+04,4.952726E+04,1.546370E+00,4.854935E+00,6.483931E+04,5.485293E+04,3.345651E+00,5.377102E+00,7.921340E+03,0.000000E+00,4.087481E-01,0.000000E+00,7.156262E+03,3.163131E+03,3.692692E-01,3.099721E-01,1.297918E+04,4.064247E+03,6.696157E-01,3.982888E-01
21:40:00,3.158014E+04,2.959108E+04,1.629860E+00,2.900510E+00,2.996276E+04,4.916400E+04,1.546387E+00,4.819329E+00,6.483975E+04,5.446870E+04,3.345674E+00,5.339438E+00,7.921351E+03,0.000000E+00,4.087487E-01,0.000000E+00,7.156275E+03,3.128037E+03,3.692698E-01,3.065331E-01,1.297926E+04,4.026330E+03,6.696194E-01,3.945730E-01
21:50:00,3.158039E+04,2.930654E+04,1.629872E+00,2.872616E+00,2.996307E+04,4.880639E+04,1.546402E+00,4.784274E+00,6.484016E+04,5.409234E+04,3.345694E+00,5.302545E+00,7.921362E+03,0.000000E+00,4.087492E-01,0.000000E+00,7.156289E+03,3.093856E+03,3.692705E-01,3.031835E-01,1.297932E+04,3.989464E+03,6.696228E-01,3.909602E-01
22:00:00,3.158061E+04,2.902525E+04,1.629883E+00,2.845040E+00,2.996336E+04,4.845331E+04,1.546416E+00,4.749665E+00,6.484052E+04,5.372231E+04,3.345713E+00,5.266272E+00,7.921371E+03,0.000000E+00,4.087497E-01,0.000000E+00,7.156302E+03,3.060449E+03,3.692712E-01,2.999099E-01,1.297938E+04,3.953498E+03,6.696260E-01,3.874356E-01
22:10:00,3.158080E+04,2.407035E+04,1.629892E+00,2.359362E+00,2.996361E+04,4.023045E+04,1.546429E+00,3.943615E+00,6.484085E+04,4.540273E+04,3.345730E+00,4.435157E+00,7.921380E+03,0.000000E+00,4.087501E-01,0.000000E+00,7.156314E+03,2.536426E+03,3.692718E-01,2.485581E-01,1.297944E+04,3.279575E+03,6.696289E-01,3.213924E-01
22:20:00,3.158097E+04,1.916311E+04,1.629900E+00,1.878356E+00,2.996384E+04,3.435688E+04,1.546440E+00,3.322107E+00,6.484116E+04,3.925241E+04,3.345745E+00,3.773334E+00,7.921388E+03,0.000000E+00,4.087505E-01,0.000000E+00,7.156327E+03,2.018149E+03,3.692725E-01,1.977693E-01,1.297950E+04,2.611848E+03,6.696317E-01,2.559563E-01
22:30:00,3.158112E+04,1.430294E+04,1.629907E+00,1.401965E+00,2.996406E+04,2.979632E+04,1.546451E+00,2.801526E+00,6.484144E+04,3.449039E+04,3.345760E+00,3.219002E+00,7.921395E+03,0.000000E+00,4.087509E-01,0.000000E+00,7.156339E+03,1.505482E+03,3.692731E-01,1.475303E-01,1.297955E+04,1.950154E+03,6.696343E-01,1.911116E-01
22:40:00,3.158125E+04,9.489336E+03,1.629914E+00,9.301376E-01,2.996425E+04,2.595330E+04,1.546460E+00,2.337216E+00,6.484171E+04,3.027014E+04,3.345774E+00,2.707182E+00,7.921402E+03,0.000000E+00,4.087513E-01,0.000000E+00,7.156351E+03,9.983044E+02,3.692737E-01,9.782923E-02,1.297959E+04,1.294369E+03,6.696367E-01,1.268458E-01
22:50:00,3.158136E+04,4.721825E+03,1.629919E+00,4.628295E-01,2.996443E+04,2.231381E+04,1.546469E+00,1.889713E+00,6.484196E+04,2.625916E+04,3.345787E+00,2.212763E+00,7.921409E+03,0.000000E+00,4.087516E-01,0.000000E+00,7.156362E+03,4.965089E+02,3.692743E-01,4.865559E-02,1.297964E+04,6.443549E+02,6.696390E-01,6.314560E-02
23:00:00,3.158146E+04,0.000000E+00,1.629924E+00,0.000000E+00,2.996459E+04,1.885154E+04,1.546477E+00,1.457071E+00,6.484220E+04,2.240647E+04,3.345799E+00,1.731794E+00,7.921415E+03,0.000000E+00,4.087519E-01,0.000000E+00,7.156374E+03,0.000000E+00,3.692749E-01,0.000000E+00,1.297968E+04,6.519572E+01,6.696412E-01,5.062417E-03
23:10:00,3.158154E+04,2.062209E+02,1.629928E+00,1.597150E-02,2.996475E+04,2.333754E+04,1.546485E+00,1.803190E+00,6.484242E+04,2.659805E+04,3.345810E+00,2.054329E+00,7.921420E+03,0.000000E+00,4.087522E-01,0.000000E+00,7.156385E+03,0.000000E+00,3.692755E-01,0.000000E+00,1.297972E+04,1.399632E+02,6.696433E-01,1.083067E-02
23:20:00,3.158162E+04,6.081182E+02,1.629932E+00,4.697788E-02,2.996489E+04,2.553894E+04,1.546492E+00,1.971030E+00,6.484263E+04,2.868969E+04,3.345821E+00,2.214275E+00,7.921426E+03,0.000000E+00,4.087525E-01,0.000000E+00,7.156396E+03,0.000000E+00,3.692761E-01,0.000000E+00,1.297976E+04,2.045699E+02,6.696452E-01,1.581513E-02
23:30:00,3.158169E+04,9.852160E+02,1.629935E+00,7.607105E-02,2.996502E+04,2.649626E+04,1.546499E+00,2.044492E+00,6.484284E+04,2.946724E+04,3.345832E+00,2.273745E+00,7.921430E+03,0.000000E+00,4.087527E-01,0.000000E+00,7.156407E+03,0.000000E+00,3.692766E-01,0.000000E+00,1.297979E+04,2.948276E+02,6.696471E-01,2.277855E-02
23:40:00,3.158175E+04,1.455437E+03,1.629938E+00,1.123486E-01,2.996515E+04,2.680014E+04,1.546505E+00,2.067844E+00,6.484303E+04,2.977122E+04,3.345842E+00,2.297243E+00,7.921435E+03,0.000000E+00,4.087529E-01,0.000000E+00,7.156417E+03,0.000000E+00,3.692772E-01,0.000000E+00,1.297983E+04,3.928353E+02,6.696489E-01,3.034002E-02
23:50:00,3.158181E+04,1.952819E+03,1.629941E+00,1.507220E-01,2.996527E+04,2.696298E+04,1.546512E+00,2.080413E+00,6.484322E+04,2.992847E+04,3.345852E+00,2.309416E+00,7.921439E+03,0.000000E+00,4.087532E-01,0.000000E+00,7.156428E+03,0.000000E+00,3.692777E-01,0.000000E+00,1.297986E+04,4.967033E+02,6.696505E-01,3.835370E-02
24:00:00,3.158186E+04,2.470957E+03,1.629944E+00,1.906969E-01,2.996538E+04,2.700965E+04,1.546517E+00,2.084021E+00,6.484340E+04,2.998689E+04,3.345861E+00,2.313962E+00,7.921443E+03,0.000000E+00,4.087534E-01,0.000000E+00,7.156438E+03,0.000000E+00,3.692782E-01,0.000000E+00,1.297989E+04,5.400927E+02,6.696522E-01,4.166895E-02
Peak,3.158248E+04,4.380396E+04,1.629976E+00,4.294010E+00,2.996775E+04,6.444143E+04,1.546639E+00,6.316958E+00,6.484740E+04,7.064727E+04,3.346067E+00,6.925462E+00,7.921503E+03,7.792647E+02,4.087564E-01,7.635962E-02,7.156704E+03,5.221669E+03,3.692920E-01,4.806122E-01,1.298055E+04,6.319185E+03,6.696859E-01,5.886700E-01

Peak Vol Flow (m3/s),,,1.362475E+00,3.589306E+00,,,1.292815E+00,5.280262E+00,,,2.796933E+00,5.788902E+00,,,3.416741E-01,6.382800E-02,,,3.086863E-01,4.017374E-01,,,5.597816E-01,4.920615E-01
